time, timestamp, pose__0, pose__1, pose__2, pose__3, pose__4, pose__5, pose__6, pose__7, pose__8, pose__9, pose__10, pose__11, pose__12, pose__13, pose__14, pose__15, velocity__0, velocity__1, velocity__2, velocity__3, velocity__4, velocity__5, ui_torques__0, ui_torques__1, ui_torques__2, ui_torques__3, ui_torques__4, ui_torques__5, 
0.01, 2025-04-28__20-08-45.715233, 1, 0, 0, 0.3, 0, 1, 0, 0.5, 0, 0, 1, 0.399995, 0, 0, 0, 1, 0, 0, -0.00981, 0, 0, 0, 0, 0, 0, 0, 0, 0
0.02, 2025-04-28__20-08-45.727730, 1, 0, 0, 0.3, 0, 1, 0, 0.5, 0, 0, 1, 0.399158, 0, 0, 0, 1, 0, 0, -0.128511, 0, 0, 0, 0, 0, 0, 0, 0, 0
0.03, 2025-04-28__20-08-45.735767, 1, 0, 0, 0.3, 0, 1, 0, 0.5, 0, 0, 1, 0.397816, 0, 0, 0, 1, 0, 0, -0.206991, 0, 0, 0, 0, 0, 0, 0, 0, 0
0.04, 2025-04-28__20-08-45.745809, 1, 0, 0, 0.3, 0, 1, 0, 0.5, 0, 0, 1, 0.395256, 0, 0, 0, 1, 0, 0, -0.305091, 0, 0, 0, 0, 0, 0, 0, 0, 0
0.05, 2025-04-28__20-08-45.757281, 1, 0, 0, 0.3, 0, 1, 0, 0.5, 0, 0, 1, 0.390931, 0, 0, 0, 1, 0, 0, -0.42183, 0, 0, 0, 0, 0, 0, 0, 0, 0
0.06, 2025-04-28__20-08-45.766613, 1, 0, 0, 0.3, 0, 1, 0, 0.5, 0, 0, 1, 0.386737, 0, 0, 0, 1, 0, 0, -0.51012, 0, 0, 0, 0, 0, 0, 0, 0, 0
0.07, 2025-04-28__20-08-45.777185, 1, 0, 0, 0.3, 0, 1, 0, 0.5, 0, 0, 1, 0.380532, 0, 0, 0, 1, 0, 0, -0.61803, 0, 0, 0, 0, 0, 0, 0, 0, 0
0.08, 2025-04-28__20-08-45.787247, 1, 0, 0, 0.3, 0, 1, 0, 0.5, 0, 0, 1, 0.373861, 0, 0, 0, 1, 0, 0, -0.71613, 0, 0, 0, 0, 0, 0, 0, 0, 0
0.09, 2025-04-28__20-08-45.796812, 1, 0, 0, 0.3, 0, 1, 0, 0.5, 0, 0, 1, 0.367019, 0, 0, 0, 1, 0, 0, -0.80442, 0, 0, 0, 0, 0, 0, 0, 0, 0
0.1, 2025-04-28__20-08-45.807263, 1, 0, 0, 0.3, 0, 1, 0, 0.5, 0, 0, 1, 0.357577, 0, 0, 0, 1, 0, 0, -0.91233, 0, 0, 0, 0, 0, 0, 0, 0, 0
0.11, 2025-04-28__20-08-45.817225, 1, 0, 0, 0.3, 0, 1, 0, 0.5, 0, 0, 1, 0.347963, 0, 0, 0, 1, 0, 0, -1.01043, 0, 0, 0, 0, 0, 0, 0, 0, 0
0.12, 2025-04-28__20-08-45.825824, 1, 0, 0, 0.3, 0, 1, 0, 0.5, 0, 0, 1, 0.339565, 0, 0, 0, 1, 0, 0, -1.08891, 0, 0, 0, 0, 0, 0, 0, 0, 0
0.13, 2025-04-28__20-08-45.837585, 1, 0, 0, 0.3, 0, 1, 0, 0.5, 0, 0, 1, 0.325792, 0, 0, 0, 1, 0, 0, -1.20663, 0, 0, 0, 0, 0, 0, 0, 0, 0
0.14, 2025-04-28__20-08-45.845796, 1, 0, 0, 0.3, 0, 1, 0, 0.5, 0, 0, 1, 0.315825, 0, 0, 0, 1, 0, 0, -1.28511, 0, 0, 0, 0, 0, 0, 0, 0, 0
0.15, 2025-04-28__20-08-45.856761, 1, 0, 0, 0.3, 0, 1, 0, 0.5, 0, 0, 1, 0.301096, 0, 0, 0, 1, 0, 0, -1.39302, 0, 0, 0, 0, 0, 0, 0, 0, 0
0.16, 2025-04-28__20-08-45.865729, 1, 0, 0, 0.3, 0, 1, 0, 0.5, 0, 0, 1, 0.288013, 0, 0, 0, 1, 0, 0, -1.48229, 0, 0, 0, 0, 0, 0, 0, 0, 0
0.17, 2025-04-28__20-08-45.875758, 1, 0, 0, 0.3, 0, 1, 0, 0.5, 0, 0, 1, 0.2727, 0, 0, 0, 1, 0, 0, -1.58039, 0, 0, 0, 0, 0, 0, 0, 0, 0
0.18, 2025-04-28__20-08-45.887603, 1, 0, 0, 0.3, 0, 1, 0, 0.5, 0, 0, 1, 0.253028, 0, 0, 0, 1, 0, 0, -1.69811, 0, 0, 0, 0, 0, 0, 0, 0, 0
0.19, 2025-04-28__20-08-45.897144, 1, 0, 0, 0.3, 0, 1, 0, 0.5, 0, 0, 1, 0.235557, 0, 0, 0, 1, 0, 0, -1.79621, 0, 0, 0, 0, 0, 0, 0, 0, 0
0.2, 2025-04-28__20-08-45.905772, 1, 0, 0, 0.3, 0, 1, 0, 0.5, 0, 0, 1, 0.220873, 0, 0, 0, 1, 0, 0, -1.87469, 0, 0, 0, 0, 0, 0, 0, 0, 0
0.21, 2025-04-28__20-08-45.916755, 1, 0, 0, 0.3, 0, 1, 0, 0.5, 0, 0, 1, 0.199658, 0, 0, 0, 1, 0, 0, -1.9826, 0, 0, 0, 0, 0, 0, 0, 0, 0
0.22, 2025-04-28__20-08-45.927181, 1, 0, 0, 0.3, 0, 1, 0, 0.5, 0, 0, 1, 0.177256, 0, 0, 0, 1, 0, 0, -2.09051, 0, 0, 0, 0, 0, 0, 0, 0, 0
0.23, 2025-04-28__20-08-45.935764, 1, 0, 0, 0.3, 0, 1, 0, 0.5, 0, 0, 1, 0.160218, 0, 0, 0, 1, 0, 0, -2.16899, 0, 0, 0, 0, 0, 0, 0, 0, 0
0.24, 2025-04-28__20-08-45.946786, 1, 0, 0, 0.3, 0, 1, 0, 0.5, 0, 0, 1, 0.135766, 0, 0, 0, 1, 0, 0, -2.2769, 0, 0, 0, 0, 0, 0, 0, 0, 0
0.25, 2025-04-28__20-08-45.955748, 1, 0, 0, 0.3, 0, 1, 0, 0.5, 0, 0, 1, 0.114876, 0, 0, 0, 1, 0, 0, -2.36519, 0, 0, 0, 0, 0, 0, 0, 0, 0
0.26, 2025-04-28__20-08-45.965736, 1, 0, 0, 0.3, 0, 1, 0, 0.5, 0, 0, 1, 0.0907338, 0, 0, 0, 1, 0, 0, -2.46329, 0, 0, 0, 0, 0, 0, 0, 0, 0
0.27, 2025-04-28__20-08-45.975778, 1, 0, 0, 0.3, 0, 1, 0, 0.5, 0, 0, 1, 0.0656104, 0, 0, 0, 1, 0, 0, -2.56139, 0, 0, 0, 0, 0, 0, 0, 0, 0
0.28, 2025-04-28__20-08-45.985712, 1, -7.5312e-19, -1.26456e-18, 0.3, 7.5312e-19, 1, -1.63422e-18, 0.5, 1.26456e-18, 1.63422e-18, 1, 0.0503275, 0, 0, 0, 1, -6.06786e-17, -1.20358e-16, -7.60308e-09, 5.57075e-17, 3.49387e-17, 1.84459e-16, 0, 0, 0, 0, 0, 0
0.29, 2025-04-28__20-08-45.997613, 1, -2.92274e-18, -2.06669e-11, 0.3, 2.92317e-18, 1, 2.06669e-11, 0.5, 2.06669e-11, -2.06669e-11, 1, 0.0503275, 0, 0, 0, 1, -6.18059e-17, -1.20181e-16, -3.2205e-09, 5.22741e-09, 5.22741e-09, 1.8373e-16, 0, 0, 0, 0, 0, 0
0.3, 2025-04-28__20-08-46.006815, 1, -4.54039e-18, -1.1576e-11, 0.3, 4.54053e-18, 1, 1.1576e-11, 0.5, 1.1576e-11, -1.1576e-11, 1, 0.0503275, 0, 0, 0, 1, -6.35009e-17, -1.21298e-16, -3.27588e-09, -5.78115e-09, -5.78115e-09, 1.75926e-16, 0, 0, 0, 0, 0, 0
0.31, 2025-04-28__20-08-46.015868, 1, -6.07915e-18, -2.53289e-11, 0.3, 6.07979e-18, 1, 2.53289e-11, 0.5, 2.53289e-11, -2.53289e-11, 1, 0.0503275, 0, 0, 0, 1, -6.48042e-17, -1.22903e-16, -3.22578e-09, 5.28015e-09, 5.28015e-09, 1.67713e-16, 0, 0, 0, 0, 0, 0
0.32, 2025-04-28__20-08-46.027582, 1, -8.13235e-18, -3.24725e-11, 0.3, 8.1334e-18, 1, 3.24725e-11, 0.5, 3.24725e-11, -3.24725e-11, 1, 0.0503275, 0, 0, 0, 1, -6.54626e-17, -1.22298e-16, -1.93664e-10, -5.15964e-10, -5.15964e-10, 1.76318e-16, 0, 0, 0, 0, 0, 0
0.33, 2025-04-28__20-08-46.035775, 1, -9.53078e-18, -1.84984e-11, 0.3, 9.53113e-18, 1, 1.84984e-11, 0.5, 1.84984e-11, -1.84984e-11, 1, 0.0503275, 0, 0, 0, 1, -6.52258e-17, -1.20904e-16, -8.13509e-09, 5.32332e-09, 5.32332e-09, 1.72811e-16, 0, 0, 0, 0, 0, 0
0.34, 2025-04-28__20-08-46.047607, 1, -1.16124e-17, -3.67697e-11, 0.3, 1.16138e-17, 1, 3.67697e-11, 0.5, 3.67697e-11, -3.67697e-11, 1, 0.0503275, 0, 0, 0, 1, -6.4724e-17, -1.19643e-16, -5.1022e-09, -4.80625e-10, -4.80625e-10, 1.76974e-16, 0, 0, 0, 0, 0, 0
0.35, 2025-04-28__20-08-46.057152, 1, -1.34382e-17, -1.61806e-11, 0.3, 1.34384e-17, 1, 1.61806e-11, 0.5, 1.61806e-11, -1.61806e-11, 1, 0.0503275, 0, 0, 0, 1, -6.54109e-17, -1.17853e-16, -7.58507e-09, 1.76882e-10, 1.76882e-10, 1.87691e-16, 0, 0, 0, 0, 0, 0
0.36, 2025-04-28__20-08-46.065768, 1, -1.49267e-17, -3.94427e-11, 0.3, 1.49282e-17, 1, 3.94427e-11, 0.5, 3.94427e-11, -3.94427e-11, 1, 0.0503275, 0, 0, 0, 1, -6.64025e-17, -1.16776e-16, -5.10509e-09, -4.51698e-10, -4.51698e-10, 1.89407e-16, 0, 0, 0, 0, 0, 0
0.37, 2025-04-28__20-08-46.075801, 1, -1.68184e-17, -1.85728e-11, 0.3, 1.68188e-17, 1, 1.85728e-11, 0.5, 1.85728e-11, -1.85728e-11, 1, 0.0503275, 0, 0, 0, 1, -6.76659e-17, -1.17267e-16, -7.58245e-09, 2.03055e-10, 2.03055e-10, 1.8919e-16, 0, 0, 0, 0, 0, 0
0.38, 2025-04-28__20-08-46.087600, 1, -1.91023e-17, -3.69196e-11, 0.3, 1.91036e-17, 1, 3.69196e-11, 0.5, 3.69196e-11, -3.69196e-11, 1, 0.0503275, 0, 0, 0, 1, -7.01874e-17, -1.17124e-16, -3.23889e-09, 5.41127e-09, 5.41127e-09, 1.92096e-16, 0, 0, 0, 0, 0, 0
0.39, 2025-04-28__20-08-46.096667, 1, -2.0457e-17, -2.03065e-11, 0.3, 2.04574e-17, 1, 2.03065e-11, 0.5, 2.03065e-11, -2.03065e-11, 1, 0.0503275, 0, 0, 0, 1, -7.14931e-17, -1.16469e-16, -1.00328e-08, 2.2448e-10, 2.2448e-10, 1.94926e-16, 0, 0, 0, 0, 0, 0
0.4, 2025-04-28__20-08-46.105432, 1, -2.20703e-17, -4.38305e-11, 0.3, 2.20723e-17, 1, 4.38305e-11, 0.5, 4.38305e-11, -4.38305e-11, 1, 0.0503275, 0, 0, 0, 1, -7.16109e-17, -1.15282e-16, -7.5619e-09, -4.08633e-10, -4.08633e-10, 2.07563e-16, 0, 0, 0, 0, 0, 0
0.41, 2025-04-28__20-08-46.117569, 1, -2.46089e-17, -2.78312e-11, 0.3, 2.46097e-17, 1, 2.78312e-11, 0.5, 2.78312e-11, -2.78312e-11, 1, 0.0503275, 0, 0, 0, 1, -7.27054e-17, -1.13971e-16, -3.25749e-09, -5.59727e-09, -5.59727e-09, 2.12719e-16, 0, 0, 0, 0, 0, 0
0.42, 2025-04-28__20-08-46.127160, 1, -2.6763e-17, -3.45894e-11, 0.3, 2.67642e-17, 1, 3.45894e-11, 0.5, 3.45894e-11, -3.45894e-11, 1, 0.0503275, 0, 0, 0, 1, -7.33732e-17, -1.12815e-16, -5.69491e-09, 5.44652e-09, 5.44652e-09, 2.19532e-16, 0, 0, 0, 0, 0, 0
0.43, 2025-04-28__20-08-46.136933, 1, -2.89962e-17, -4.02661e-11, 0.3, 2.89978e-17, 1, 4.02661e-11, 0.5, 4.02661e-11, -4.02661e-11, 1, 0.0503275, 0, 0, 0, 1, -7.52733e-17, -1.11577e-16, -8.16105e-09, -5.58291e-09, -5.58291e-09, 2.24594e-16, 0, 0, 0, 0, 0, 0
0.44, 2025-04-28__20-08-46.146913, 1, -3.12273e-17, -2.53248e-11, 0.3, 3.12279e-17, 1, 2.53248e-11, 0.5, 2.53248e-11, -2.53248e-11, 1, 0.0503275, 0, 0, 0, 1, -7.79835e-17, -1.10767e-16, -2.18448e-10, 2.68127e-10, 2.68127e-10, 2.25002e-16, 0, 0, 0, 0, 0, 0
0.45, 2025-04-28__20-08-46.156567, 1, -3.32257e-17, -4.63325e-11, 0.3, 3.32278e-17, 1, 4.63325e-11, 0.5, 4.63325e-11, -4.63325e-11, 1, 0.0503275, 0, 0, 0, 1, -7.93978e-17, -1.10217e-16, -2.08346e-10, -3.69142e-10, -3.69142e-10, 2.23529e-16, 0, 0, 0, 0, 0, 0
0.46, 2025-04-28__20-08-46.166746, 1, -3.56344e-17, -2.56775e-11, 0.3, 3.5635e-17, 1, 2.56775e-11, 0.5, 2.56775e-11, -2.56775e-11, 1, 0.0503275, 0, 0, 0, 1, -8.29264e-17, -1.09958e-16, -5.12248e-09, 2.77748e-10, 2.77748e-10, 2.18416e-16, 0, 0, 0, 0, 0, 0
0.47, 2025-04-28__20-08-46.175745, 1, -3.75213e-17, -4.78751e-11, 0.3, 3.75236e-17, 1, 4.78751e-11, 0.5, 4.78751e-11, -4.78751e-11, 1, 0.0503275, 0, 0, 0, 1, -8.35544e-17, -1.09531e-16, -5.11422e-09, -3.60438e-10, -3.60438e-10, 2.03779e-16, 0, 0, 0, 0, 0, 0
0.48, 2025-04-28__20-08-46.187042, 1, -3.97878e-17, -2.58339e-11, 0.3, 3.97885e-17, 1, 2.58339e-11, 0.5, 2.58339e-11, -2.58339e-11, 1, 0.0503275, 0, 0, 0, 1, -8.71399e-17, -1.09225e-16, -1.00267e-08, 2.85623e-10, 2.85623e-10, 2.06573e-16, 0, 0, 0, 0, 0, 0
0.49, 2025-04-28__20-08-46.195755, 1, -4.16661e-17, -4.92401e-11, 0.3, 4.16685e-17, 1, 4.924e-11, 0.5, 4.92401e-11, -4.924e-11, 1, 0.0503275, 0, 0, 0, 1, -8.86257e-17, -1.08913e-16, -1.00199e-08, -3.53313e-10, -3.53313e-10, 2.06842e-16, 0, 0, 0, 0, 0, 0
0.5, 2025-04-28__20-08-46.205917, 1, -4.37529e-17, -2.67085e-11, 0.3, 4.37536e-17, 1, 2.67085e-11, 0.5, 2.67085e-11, -2.67085e-11, 1, 0.0503275, 0, 0, 0, 1, -9.09061e-17, -1.09637e-16, -7.99983e-10, -5.54721e-09, -5.54721e-09, 2.08632e-16, 0, 0, 0, 0, 0, 0
0.51, 2025-04-28__20-08-46.217333, 1, -4.60884e-17, -3.85473e-11, 0.3, 4.60899e-17, 1, 3.85473e-11, 0.5, 3.85473e-11, -3.85473e-11, 1, 0.0503275, 0, 0, 0, 1, -9.27037e-17, -1.07845e-16, -5.69944e-09, 5.4918e-09, 5.4918e-09, 2.19037e-16, 0, 0, 0, 0, 0, 0
0.52, 2025-04-28__20-08-46.226573, 1, -4.8098e-17, -3.82642e-11, 0.3, 4.80994e-17, 1, 3.82642e-11, 0.5, 3.82642e-11, -3.82642e-11, 1, 0.0503275, 0, 0, 0, 1, -9.51254e-17, -1.09088e-16, -5.70445e-09, -5.54194e-09, -5.54194e-09, 2.2652e-16, 0, 0, 0, 0, 0, 0
0.53, 2025-04-28__20-08-46.236930, 1, -5.05977e-17, -2.84909e-11, 0.3, 5.05985e-17, 1, 2.84909e-11, 0.5, 2.84909e-11, -2.84909e-11, 1, 0.0503275, 0, 0, 0, 1, -9.57681e-17, -1.08997e-16, -2.15094e-10, 3.01667e-10, 3.01666e-10, 2.35146e-16, 0, 0, 0, 0, 0, 0
0.54, 2025-04-28__20-08-46.246913, 1, -5.29472e-17, -4.95359e-11, 0.3, 5.29497e-17, 1, 4.95359e-11, 0.5, 4.95359e-11, -4.95359e-11, 1, 0.0503275, 0, 0, 0, 1, -9.71339e-17, -1.08845e-16, -2.66388e-09, -3.38797e-10, -3.38797e-10, 2.34324e-16, 0, 0, 0, 0, 0, 0
0.55, 2025-04-28__20-08-46.255739, 1, -5.50421e-17, -2.85196e-11, 0.3, 5.50429e-17, 1, 2.85195e-11, 0.5, 2.85196e-11, -2.85195e-11, 1, 0.0503275, 0, 0, 0, 1, -9.69439e-17, -1.06267e-16, -2.66724e-09, 3.05203e-10, 3.05203e-10, 2.38386e-16, 0, 0, 0, 0, 0, 0
0.56, 2025-04-28__20-08-46.267578, 1, -5.76772e-17, -5.05059e-11, 0.3, 5.76798e-17, 1, 5.05059e-11, 0.5, 5.05059e-11, -5.05059e-11, 1, 0.0503275, 0, 0, 0, 1, -9.71737e-17, -1.05321e-16, -7.5692e-09, -3.35597e-10, -3.35598e-10, 2.46443e-16, 0, 0, 0, 0, 0, 0
0.57, 2025-04-28__20-08-46.276879, 1, -6.01467e-17, -2.78656e-11, 0.3, 6.01475e-17, 1, 2.78656e-11, 0.5, 2.78656e-11, -2.78656e-11, 1, 0.0503275, 0, 0, 0, 1, -9.84618e-17, -1.0314e-16, -1.00244e-08, 3.08098e-10, 3.08097e-10, 2.51433e-16, 0, 0, 0, 0, 0, 0
0.58, 2025-04-28__20-08-46.286334, 1, -6.23676e-17, -5.10783e-11, 0.3, 6.23702e-17, 1, 5.10782e-11, 0.5, 5.10783e-11, -5.10782e-11, 1, 0.0503275, 0, 0, 0, 1, -9.96913e-17, -1.03146e-16, -1.0022e-08, -3.32978e-10, -3.32979e-10, 2.45453e-16, 0, 0, 0, 0, 0, 0
0.59, 2025-04-28__20-08-46.297336, 1, -6.50555e-17, -3.38821e-11, 0.3, 6.50566e-17, 1, 3.38821e-11, 0.5, 3.38821e-11, -3.38821e-11, 1, 0.0503275, 0, 0, 0, 1, -9.96965e-17, -1.03986e-16, -3.25064e-09, -5.52882e-09, -5.52882e-09, 2.4483e-16, 0, 0, 0, 0, 0, 0
0.6, 2025-04-28__20-08-46.307220, 1, -6.74851e-17, -4.00021e-11, 0.3, 6.74867e-17, 1, 4.00021e-11, 0.5, 4.00021e-11, -4.00021e-11, 1, 0.0503275, 0, 0, 0, 1, -1.00893e-16, -1.02925e-16, -5.70111e-09, 5.50845e-09, 5.50845e-09, 2.4227e-16, 0, 0, 0, 0, 0, 0
0.61, 2025-04-28__20-08-46.315928, 1, -6.96692e-17, -3.95805e-11, 0.3, 6.96707e-17, 1, 3.95804e-11, 0.5, 3.95805e-11, -3.95804e-11, 1, 0.0503275, 0, 0, 0, 1, -1.02345e-16, -1.01696e-16, -5.70295e-09, -5.52688e-09, -5.52688e-09, 2.49493e-16, 0, 0, 0, 0, 0, 0
0.62, 2025-04-28__20-08-46.325946, 1, -7.21376e-17, -3.46453e-11, 0.3, 7.21388e-17, 1, 3.46452e-11, 0.5, 3.46453e-11, -3.46452e-11, 1, 0.0503275, 0, 0, 0, 1, -1.02471e-16, -9.90863e-17, -8.15378e-09, 5.5102e-09, 5.5102e-09, 2.4746e-16, 0, 0, 0, 0, 0, 0
0.63, 2025-04-28__20-08-46.337567, 1, -7.48334e-17, -5.05777e-11, 0.3, 7.4836e-17, 1, 5.05777e-11, 0.5, 5.05777e-11, -5.05777e-11, 1, 0.0503275, 0, 0, 0, 1, -1.03018e-16, -9.98388e-17, -2.665e-09, -3.27643e-10, -3.27643e-10, 2.43819e-16, 0, 0, 0, 0, 0, 0
0.64, 2025-04-28__20-08-46.345574, 1, -7.67843e-17, -2.97774e-11, 0.3, 7.67852e-17, 1, 2.97774e-11, 0.5, 2.97774e-11, -2.97774e-11, 1, 0.0503275, 0, 0, 0, 1, -1.03268e-16, -9.79333e-17, -2.13731e-10, 3.15295e-10, 3.15294e-10, 2.45422e-16, 0, 0, 0, 0, 0, 0
0.65, 2025-04-28__20-08-46.355577, 1, -7.92697e-17, -5.06876e-11, 0.3, 7.92722e-17, 1, 5.06875e-11, 0.5, 5.06876e-11, -5.06875e-11, 1, 0.0503275, 0, 0, 0, 1, -1.04402e-16, -9.59629e-17, -2.66511e-09, -3.26467e-10, -3.26467e-10, 2.51375e-16, 0, 0, 0, 0, 0, 0
0.66, 2025-04-28__20-08-46.366583, 1, -8.20609e-17, -2.89288e-11, 0.3, 8.20617e-17, 1, 2.89287e-11, 0.5, 2.89288e-11, -2.89287e-11, 1, 0.0503275, 0, 0, 0, 1, -1.05824e-16, -9.51374e-17, -7.57112e-09, 3.16359e-10, 3.16358e-10, 2.50608e-16, 0, 0, 0, 0, 0, 0
0.67, 2025-04-28__20-08-46.377272, 1, -8.48359e-17, -5.14956e-11, 0.3, 8.48386e-17, 1, 5.14955e-11, 0.5, 5.14956e-11, -5.14955e-11, 1, 0.0503275, 0, 0, 0, 1, -1.07529e-16, -9.45206e-17, -7.9664e-10, 5.51378e-09, 5.51378e-09, 2.58765e-16, 0, 0, 0, 0, 0, 0
0.68, 2025-04-28__20-08-46.386952, 1, -8.7431e-17, -3.448e-11, 0.3, 8.74322e-17, 1, 3.44799e-11, 0.5, 3.448e-11, -3.44799e-11, 1, 0.0503275, 0, 0, 0, 1, -1.09732e-16, -9.42866e-17, -3.24997e-09, -5.52205e-09, -5.52205e-09, 2.62221e-16, 0, 0, 0, 0, 0, 0
0.69, 2025-04-28__20-08-46.396979, 1, -9.00538e-17, -4.05369e-11, 0.3, 9.00555e-17, 1, 4.05368e-11, 0.5, 4.05369e-11, -4.05368e-11, 1, 0.0503275, 0, 0, 0, 1, -1.11164e-16, -9.406e-17, -5.70172e-09, 5.51457e-09, 5.51457e-09, 2.66587e-16, 0, 0, 0, 0, 0, 0
0.7, 2025-04-28__20-08-46.405578, 1, -9.22059e-17, -3.4543e-11, 0.3, 9.22071e-17, 1, 3.45429e-11, 0.5, 3.4543e-11, -3.45429e-11, 1, 0.0503275, 0, 0, 0, 1, -1.13246e-16, -9.19011e-17, -3.2499e-09, -5.52134e-09, -5.52134e-09, 2.70643e-16, 0, 0, 0, 0, 0, 0
0.71, 2025-04-28__20-08-46.415751, 1, -9.51874e-17, -3.50781e-11, 0.3, 9.51887e-17, 1, 3.5078e-11, 0.5, 3.50781e-11, -3.5078e-11, 1, 0.0503275, 0, 0, 0, 1, -1.17565e-16, -9.06738e-17, -8.15428e-09, 5.51521e-09, 5.51521e-09, 2.70659e-16, 0, 0, 0, 0, 0, 0
0.72, 2025-04-28__20-08-46.427619, 1, -9.8203e-17, -5.09607e-11, 0.3, 9.82056e-17, 1, 5.09606e-11, 0.5, 5.09607e-11, -5.09606e-11, 1, 0.0503275, 0, 0, 0, 1, -1.20112e-16, -8.81234e-17, -2.66541e-09, -3.23543e-10, -3.23544e-10, 2.82265e-16, 0, 0, 0, 0, 0, 0
0.73, 2025-04-28__20-08-46.437149, 1, -1.01066e-16, -2.94897e-11, 0.3, 1.01067e-16, 1, 2.94895e-11, 0.5, 2.94897e-11, -2.94895e-11, 1, 0.0503275, 0, 0, 0, 1, -1.22769e-16, -8.71481e-17, -5.11836e-09, 3.19004e-10, 3.19003e-10, 2.88126e-16, 0, 0, 0, 0, 0, 0
0.74, 2025-04-28__20-08-46.447268, 1, -1.03977e-16, -5.16473e-11, 0.3, 1.03979e-16, 1, 5.16472e-11, 0.5, 5.16473e-11, -5.16472e-11, 1, 0.0503275, 0, 0, 0, 1, -1.23851e-16, -8.65558e-17, -7.57045e-09, -3.2311e-10, -3.23111e-10, 2.92991e-16, 0, 0, 0, 0, 0, 0
0.75, 2025-04-28__20-08-46.456910, 1, -1.06907e-16, -2.8887e-11, 0.3, 1.06908e-16, 1, 2.88869e-11, 0.5, 2.8887e-11, -2.88869e-11, 1, 0.0503275, 0, 0, 0, 1, -1.25195e-16, -8.57068e-17, -1.00233e-08, 3.19395e-10, 3.19394e-10, 2.93395e-16, 0, 0, 0, 0, 0, 0
0.76, 2025-04-28__20-08-46.466772, 1, -1.09843e-16, -5.17413e-11, 0.3, 1.09845e-16, 1, 5.17411e-11, 0.5, 5.17413e-11, -5.17411e-11, 1, 0.0503275, 0, 0, 0, 1, -1.27416e-16, -8.33577e-17, -7.96914e-10, 5.51653e-09, 5.51653e-09, 2.97684e-16, 0, 0, 0, 0, 0, 0
0.77, 2025-04-28__20-08-46.475792, 1, -1.1249e-16, -2.91802e-11, 0.3, 1.12491e-16, 1, 2.918e-11, 0.5, 2.91802e-11, -2.918e-11, 1, 0.0503275, 0, 0, 0, 1, -1.29029e-16, -8.1973e-17, -7.97218e-10, -5.51957e-09, -5.51957e-09, 2.99148e-16, 0, 0, 0, 0, 0, 0
0.78, 2025-04-28__20-08-46.487339, 1, -1.15777e-16, -4.07335e-11, 0.3, 1.15778e-16, 1, 4.07333e-11, 0.5, 4.07335e-11, -4.07333e-11, 1, 0.0503275, 0, 0, 0, 1, -1.30296e-16, -8.09764e-17, -5.70194e-09, 5.51682e-09, 5.51682e-09, 2.96915e-16, 0, 0, 0, 0, 0, 0
0.79, 2025-04-28__20-08-46.496576, 1, -1.18449e-16, -4.02422e-11, 0.3, 1.1845e-16, 1, 4.02421e-11, 0.5, 4.02422e-11, -4.02421e-11, 1, 0.0503275, 0, 0, 0, 1, -1.30665e-16, -8.15783e-17, -5.70219e-09, -5.51931e-09, -5.51931e-09, 3.00639e-16, 0, 0, 0, 0, 0, 0
0.8, 2025-04-28__20-08-46.507343, 1, -1.21728e-16, -3.02398e-11, 0.3, 1.21729e-16, 1, 3.02396e-11, 0.5, 3.02398e-11, -3.02396e-11, 1, 0.0503275, 0, 0, 0, 1, -1.3084e-16, -7.98167e-17, -2.13241e-10, 3.20192e-10, 3.20191e-10, 2.9861e-16, 0, 0, 0, 0, 0, 0
0.81, 2025-04-28__20-08-46.517221, 1, -1.24656e-16, -5.11015e-11, 0.3, 1.24659e-16, 1, 5.11013e-11, 0.5, 5.11015e-11, -5.11013e-11, 1, 0.0503275, 0, 0, 0, 1, -1.30988e-16, -8.10083e-17, -2.66556e-09, -3.22036e-10, -3.22037e-10, 2.91509e-16, 0, 0, 0, 0, 0, 0
0.82, 2025-04-28__20-08-46.527249, 1, -1.27608e-16, -2.96157e-11, 0.3, 1.27609e-16, 1, 2.96155e-11, 0.5, 2.96157e-11, -2.96155e-11, 1, 0.0503275, 0, 0, 0, 1, -1.30518e-16, -8.06443e-17, -5.11822e-09, 3.20368e-10, 3.20367e-10, 2.9471e-16, 0, 0, 0, 0, 0, 0
0.83, 2025-04-28__20-08-46.537243, 1, -1.30568e-16, -5.17601e-11, 0.3, 1.30571e-16, 1, 5.17599e-11, 0.5, 5.17601e-11, -5.17599e-11, 1, 0.0503275, 0, 0, 0, 1, -1.3097e-16, -8.14773e-17, -7.57057e-09, -3.21877e-10, -3.21878e-10, 2.94569e-16, 0, 0, 0, 0, 0, 0
0.84, 2025-04-28__20-08-46.547248, 1, -1.33577e-16, -2.8988e-11, 0.3, 1.33578e-16, 1, 2.89877e-11, 0.5, 2.8988e-11, -2.89877e-11, 1, 0.0503275, 0, 0, 0, 1, -1.31664e-16, -8.06931e-17, -1.00232e-08, 3.20512e-10, 3.20511e-10, 3.02441e-16, 0, 0, 0, 0, 0, 0
0.85, 2025-04-28__20-08-46.557247, 1, -1.36642e-16, -5.18316e-11, 0.3, 1.36645e-16, 1, 5.18313e-11, 0.5, 5.18316e-11, -5.18313e-11, 1, 0.0503275, 0, 0, 0, 1, -1.32497e-16, -7.82913e-17, -7.97015e-10, 5.51754e-09, 5.51754e-09, 3.09659e-16, 0, 0, 0, 0, 0, 0
0.86, 2025-04-28__20-08-46.567244, 1, -1.39751e-16, -3.47806e-11, 0.3, 1.39753e-16, 1, 3.47803e-11, 0.5, 3.47806e-11, -3.47803e-11, 1, 0.0503275, 0, 0, 0, 1, -1.32764e-16, -7.74267e-17, -3.24963e-09, -5.51865e-09, -5.51866e-09, 3.13587e-16, 0, 0, 0, 0, 0, 0
0.87, 2025-04-28__20-08-46.577245, 1, -1.42923e-16, -4.08058e-11, 0.3, 1.42925e-16, 1, 4.08056e-11, 0.5, 4.08058e-11, -4.08056e-11, 1, 0.0503275, 0, 0, 0, 1, -1.3352e-16, -7.82011e-17, -5.70202e-09, 5.51764e-09, 5.51764e-09, 3.19271e-16, 0, 0, 0, 0, 0, 0
0.88, 2025-04-28__20-08-46.587245, 1, -1.46163e-16, -4.58262e-11, 0.3, 1.46165e-16, 1, 4.58259e-11, 0.5, 4.58262e-11, -4.58259e-11, 1, 0.0503275, 0, 0, 0, 1, -1.33899e-16, -7.77707e-17, -8.15462e-09, -5.51856e-09, -5.51856e-09, 3.28765e-16, 0, 0, 0, 0, 0, 0
0.89, 2025-04-28__20-08-46.597248, 1, -1.49445e-16, -3.02977e-11, 0.3, 1.49446e-16, 1, 3.02974e-11, 0.5, 3.02977e-11, -3.02974e-11, 1, 0.0503275, 0, 0, 0, 1, -1.36314e-16, -7.92366e-17, -2.1318e-10, 3.20805e-10, 3.20804e-10, 3.29673e-16, 0, 0, 0, 0, 0, 0
0.9, 2025-04-28__20-08-46.607248, 1, -1.52702e-16, -5.11533e-11, 0.3, 1.52705e-16, 1, 5.1153e-11, 0.5, 5.11533e-11, -5.1153e-11, 1, 0.0503275, 0, 0, 0, 1, -1.37215e-16, -8.02489e-17, -2.66561e-09, -3.21481e-10, -3.21483e-10, 3.15118e-16, 0, 0, 0, 0, 0, 0
0.91, 2025-04-28__20-08-46.616952, 1, -1.55865e-16, -2.96621e-11, 0.3, 1.55866e-16, 1, 2.96618e-11, 0.5, 2.96621e-11, -2.96618e-11, 1, 0.0503275, 0, 0, 0, 1, -1.39061e-16, -7.98575e-17, -5.11817e-09, 3.20869e-10, 3.20868e-10, 3.25189e-16, 0, 0, 0, 0, 0, 0
0.92, 2025-04-28__20-08-46.625911, 1, -1.58781e-16, -5.14802e-11, 0.3, 1.58784e-16, 1, 5.14799e-11, 0.5, 5.14802e-11, -5.14799e-11, 1, 0.0503275, 0, 0, 0, 1, -1.40089e-16, -8.08052e-17, -5.11812e-09, -3.21423e-10, -3.21424e-10, 3.19605e-16, 0, 0, 0, 0, 0, 0
0.93, 2025-04-28__20-08-46.635343, 1, -1.61622e-16, -2.9667e-11, 0.3, 1.61623e-16, 1, 2.96666e-11, 0.5, 2.9667e-11, -2.96666e-11, 1, 0.0503275, 0, 0, 0, 1, -1.41625e-16, -8.25623e-17, -5.11817e-09, 3.20922e-10, 3.20921e-10, 3.10586e-16, 0, 0, 0, 0, 0, 0
0.94, 2025-04-28__20-08-46.645582, 1, -1.64727e-16, -5.1806e-11, 0.3, 1.6473e-16, 1, 5.18057e-11, 0.5, 5.1806e-11, -5.18057e-11, 1, 0.0503275, 0, 0, 0, 1, -1.43873e-16, -8.19353e-17, -7.57062e-09, -3.21375e-10, -3.21376e-10, 3.04661e-16, 0, 0, 0, 0, 0, 0
0.95, 2025-04-28__20-08-46.655764, 1, -1.68043e-16, -2.9292e-11, 0.3, 1.68044e-16, 1, 2.92916e-11, 0.5, 2.9292e-11, -2.92916e-11, 1, 0.0503275, 0, 0, 0, 1, -1.44378e-16, -8.17937e-17, -7.97094e-10, -5.51832e-09, -5.51832e-09, 3.00022e-16, 0, 0, 0, 0, 0, 0
0.96, 2025-04-28__20-08-46.667581, 1, -1.71311e-16, -4.08325e-11, 0.3, 1.71312e-16, 1, 4.08321e-11, 0.5, 4.08325e-11, -4.08321e-11, 1, 0.0503275, 0, 0, 0, 1, -1.45685e-16, -8.16611e-17, -5.70206e-09, 5.51795e-09, 5.51795e-09, 2.98315e-16, 0, 0, 0, 0, 0, 0
0.97, 2025-04-28__20-08-46.675344, 1, -1.73674e-16, -3.48135e-11, 0.3, 1.73676e-16, 1, 3.48131e-11, 0.5, 3.48135e-11, -3.48131e-11, 1, 0.0503275, 0, 0, 0, 1, -1.46472e-16, -8.27608e-17, -3.24959e-09, -5.51828e-09, -5.51828e-09, 2.95998e-16, 0, 0, 0, 0, 0, 0
0.98, 2025-04-28__20-08-46.686426, 1, -1.76904e-16, -3.53173e-11, 0.3, 1.76905e-16, 1, 3.53169e-11, 0.5, 3.53173e-11, -3.53169e-11, 1, 0.0503275, 0, 0, 0, 1, -1.5006e-16, -8.23682e-17, -8.15456e-09, 5.51798e-09, 5.51798e-09, 2.93262e-16, 0, 0, 0, 0, 0, 0
0.99, 2025-04-28__20-08-46.697342, 1, -1.80098e-16, -5.11724e-11, 0.3, 1.801e-16, 1, 5.1172e-11, 0.5, 5.11724e-11, -5.1172e-11, 1, 0.0503275, 0, 0, 0, 1, -1.50897e-16, -8.28151e-17, -2.66563e-09, -3.21278e-10, -3.21279e-10, 2.84278e-16, 0, 0, 0, 0, 0, 0
1, 2025-04-28__20-08-46.705936, 1, -1.82639e-16, -3.00002e-11, 0.3, 1.8264e-16, 1, 2.99998e-11, 0.5, 3.00002e-11, -2.99998e-11, 1, 0.0503275, 0, 0, 0, 1, -1.5203e-16, -8.25177e-17, -2.66565e-09, 3.21054e-10, 3.21052e-10, 2.75715e-16, 0, 0, 0, 0, 0, 0
1.01, 2025-04-28__20-08-46.717342, 1, -1.85741e-16, -5.18169e-11, 0.3, 1.85743e-16, 1, 5.18165e-11, 0.5, 5.18169e-11, -5.18165e-11, 1, 0.0503275, 0, 0, 0, 1, -1.53498e-16, -8.13625e-17, -7.57063e-09, -3.21256e-10, -3.21258e-10, 2.81383e-16, 0, 0, 0, 0, 0, 0
1.02, 2025-04-28__20-08-46.727223, 1, -1.88572e-16, -2.90388e-11, 0.3, 1.88573e-16, 1, 2.90384e-11, 0.5, 2.90388e-11, -2.90384e-11, 1, 0.0503275, 0, 0, 0, 1, -1.54488e-16, -8.08617e-17, -1.00232e-08, 3.21073e-10, 3.21072e-10, 2.90963e-16, 0, 0, 0, 0, 0, 0
1.03, 2025-04-28__20-08-46.735791, 1, -1.91256e-16, -5.21398e-11, 0.3, 1.91259e-16, 1, 5.21393e-11, 0.5, 5.21398e-11, -5.21393e-11, 1, 0.0503274, 0, 0, 0, 1, -1.57349e-16, -7.92923e-17, -1.00231e-08, -3.21239e-10, -3.2124e-10, 2.9774e-16, 0, 0, 0, 0, 0, 0
1.04, 2025-04-28__20-08-46.745784, 1, -1.9422e-16, -2.93031e-11, 0.3, 1.94221e-16, 1, 2.93026e-11, 0.5, 2.93031e-11, -2.93026e-11, 1, 0.0503274, 0, 0, 0, 1, -1.58443e-16, -7.95326e-17, -7.97081e-10, -5.51819e-09, -5.5182e-09, 2.91844e-16, 0, 0, 0, 0, 0, 0
1.05, 2025-04-28__20-08-46.757582, 1, -1.9745e-16, -4.08423e-11, 0.3, 1.97452e-16, 1, 4.08418e-11, 0.5, 4.08423e-11, -4.08418e-11, 1, 0.0503274, 0, 0, 0, 1, -1.60852e-16, -7.66482e-17, -5.70207e-09, 5.51806e-09, 5.51806e-09, 2.96195e-16, 0, 0, 0, 0, 0, 0
1.06, 2025-04-28__20-08-46.767166, 1, -2.00368e-16, -4.58588e-11, 0.3, 2.0037e-16, 1, 4.58583e-11, 0.5, 4.58588e-11, -4.58583e-11, 1, 0.0503274, 0, 0, 0, 1, -1.6161e-16, -7.64058e-17, -8.15458e-09, -5.51818e-09, -5.51818e-09, 2.90748e-16, 0, 0, 0, 0, 0, 0
1.07, 2025-04-28__20-08-46.775583, 1, -2.02661e-16, -4.08433e-11, 0.3, 2.02663e-16, 1, 4.08428e-11, 0.5, 4.08433e-11, -4.08428e-11, 1, 0.0503274, 0, 0, 0, 1, -1.61742e-16, -7.68789e-17, -5.70207e-09, 5.51807e-09, 5.51807e-09, 2.84387e-16, 0, 0, 0, 0, 0, 0
1.08, 2025-04-28__20-08-46.787584, 1, -2.06043e-16, -5.11795e-11, 0.3, 2.06046e-16, 1, 5.11789e-11, 0.5, 5.11795e-11, -5.11789e-11, 1, 0.0503274, 0, 0, 0, 1, -1.6507e-16, -7.66916e-17, -2.66564e-09, -3.21203e-10, -3.21204e-10, 2.7903e-16, 0, 0, 0, 0, 0, 0
1.09, 2025-04-28__20-08-46.796344, 1, -2.08594e-16, -3.00066e-11, 0.3, 2.08595e-16, 1, 3.0006e-11, 0.5, 3.00066e-11, -3.0006e-11, 1, 0.0503274, 0, 0, 0, 1, -1.67109e-16, -7.56914e-17, -2.66565e-09, 3.21121e-10, 3.2112e-10, 2.86125e-16, 0, 0, 0, 0, 0, 0
1.1, 2025-04-28__20-08-46.807344, 1, -2.118e-16, -5.18226e-11, 0.3, 2.11802e-16, 1, 5.1822e-11, 0.5, 5.18226e-11, -5.1822e-11, 1, 0.0503274, 0, 0, 0, 1, -1.6837e-16, -7.41922e-17, -7.57064e-09, -3.21195e-10, -3.21197e-10, 2.90344e-16, 0, 0, 0, 0, 0, 0
1.11, 2025-04-28__20-08-46.816771, 1, -2.14726e-16, -2.90439e-11, 0.3, 2.14727e-16, 1, 2.90433e-11, 0.5, 2.90439e-11, -2.90433e-11, 1, 0.0503274, 0, 0, 0, 1, -1.69121e-16, -7.37565e-17, -1.00231e-08, 3.21128e-10, 3.21127e-10, 2.97078e-16, 0, 0, 0, 0, 0, 0
1.12, 2025-04-28__20-08-46.825586, 1, -2.17092e-16, -5.18232e-11, 0.3, 2.17094e-16, 1, 5.18226e-11, 0.5, 5.18232e-11, -5.18226e-11, 1, 0.0503274, 0, 0, 0, 1, -1.71271e-16, -7.20986e-17, -7.57064e-09, -3.21189e-10, -3.2119e-10, 2.95574e-16, 0, 0, 0, 0, 0, 0
1.13, 2025-04-28__20-08-46.837663, 1, -2.20926e-16, -4.03436e-11, 0.3, 2.20927e-16, 1, 4.03429e-11, 0.5, 4.03436e-11, -4.03429e-11, 1, 0.0503274, 0, 0, 0, 1, -1.74119e-16, -6.938e-17, -5.70208e-09, -5.51815e-09, -5.51815e-09, 2.98029e-16, 0, 0, 0, 0, 0, 0
1.14, 2025-04-28__20-08-46.845794, 1, -2.23311e-16, -4.63641e-11, 0.3, 2.23313e-16, 1, 4.63634e-11, 0.5, 4.63641e-11, -4.63634e-11, 1, 0.0503274, 0, 0, 0, 1, -1.7679e-16, -6.73644e-17, -3.24957e-09, 5.5181e-09, 5.5181e-09, 3.00312e-16, 0, 0, 0, 0, 0, 0
1.15, 2025-04-28__20-08-46.857584, 1, -2.26605e-16, -4.58621e-11, 0.3, 2.26607e-16, 1, 4.58615e-11, 0.5, 4.58621e-11, -4.58615e-11, 1, 0.0503274, 0, 0, 0, 1, -1.79047e-16, -6.6375e-17, -8.15457e-09, -5.51814e-09, -5.51815e-09, 3.0148e-16, 0, 0, 0, 0, 0, 0
1.16, 2025-04-28__20-08-46.867165, 1, -2.29608e-16, -3.03298e-11, 0.3, 2.29609e-16, 1, 3.03292e-11, 0.5, 3.03298e-11, -3.03292e-11, 1, 0.0503274, 0, 0, 0, 1, -1.81418e-16, -6.45471e-17, -2.13146e-10, 3.21143e-10, 3.21141e-10, 2.9959e-16, 0, 0, 0, 0, 0, 0
1.17, 2025-04-28__20-08-46.877273, 1, -2.3261e-16, -5.11821e-11, 0.3, 2.32613e-16, 1, 5.11814e-11, 0.5, 5.11821e-11, -5.11814e-11, 1, 0.0503274, 0, 0, 0, 1, -1.82534e-16, -6.43822e-17, -2.66564e-09, -3.21175e-10, -3.21177e-10, 3.06284e-16, 0, 0, 0, 0, 0, 0
1.18, 2025-04-28__20-08-46.887225, 1, -2.35678e-16, -2.96879e-11, 0.3, 2.35679e-16, 1, 2.96872e-11, 0.5, 2.96879e-11, -2.96872e-11, 1, 0.0503274, 0, 0, 0, 1, -1.83121e-16, -6.37779e-17, -5.11814e-09, 3.21146e-10, 3.21145e-10, 3.09049e-16, 0, 0, 0, 0, 0, 0
1.19, 2025-04-28__20-08-46.895345, 1, -2.38177e-16, -5.11824e-11, 0.3, 2.3818e-16, 1, 5.11817e-11, 0.5, 5.11824e-11, -5.11817e-11, 1, 0.0503274, 0, 0, 0, 1, -1.83439e-16, -6.33407e-17, -2.66564e-09, -3.21173e-10, -3.21174e-10, 3.16231e-16, 0, 0, 0, 0, 0, 0
1.2, 2025-04-28__20-08-46.905781, 1, -2.41619e-16, -2.9367e-11, 0.3, 2.4162e-16, 1, 2.93663e-11, 0.5, 2.9367e-11, -2.93663e-11, 1, 0.0503274, 0, 0, 0, 1, -1.85049e-16, -6.1967e-17, -7.57064e-09, 3.21149e-10, 3.21147e-10, 3.06951e-16, 0, 0, 0, 0, 0, 0
1.21, 2025-04-28__20-08-46.915586, 1, -2.4435e-16, -5.1825e-11, 0.3, 2.44352e-16, 1, 5.18242e-11, 0.5, 5.1825e-11, -5.18242e-11, 1, 0.0503274, 0, 0, 0, 1, -1.87462e-16, -6.02956e-17, -7.57064e-09, -3.2117e-10, -3.21172e-10, 3.0352e-16, 0, 0, 0, 0, 0, 0
1.22, 2025-04-28__20-08-46.925961, 1, -2.47616e-16, -2.93088e-11, 0.3, 2.47616e-16, 1, 2.93081e-11, 0.5, 2.93088e-11, -2.93081e-11, 1, 0.0503274, 0, 0, 0, 1, -1.89151e-16, -5.95475e-17, -7.97075e-10, -5.51813e-09, -5.51813e-09, 2.92982e-16, 0, 0, 0, 0, 0, 0
1.23, 2025-04-28__20-08-46.937571, 1, -2.50852e-16, -4.08474e-11, 0.3, 2.50854e-16, 1, 4.08466e-11, 0.5, 4.08474e-11, -4.08466e-11, 1, 0.0503274, 0, 0, 0, 1, -1.91754e-16, -5.90211e-17, -5.70207e-09, 5.51812e-09, 5.51811e-09, 2.90497e-16, 0, 0, 0, 0, 0, 0
1.24, 2025-04-28__20-08-46.945956, 1, -2.5349e-16, -4.03453e-11, 0.3, 2.53492e-16, 1, 4.03445e-11, 0.5, 4.03453e-11, -4.03445e-11, 1, 0.0503274, 0, 0, 0, 1, -1.94233e-16, -5.72927e-17, -5.70207e-09, -5.51813e-09, -5.51813e-09, 2.9175e-16, 0, 0, 0, 0, 0, 0
1.25, 2025-04-28__20-08-46.955587, 1, -2.56129e-16, -4.08475e-11, 0.3, 2.5613e-16, 1, 4.08467e-11, 0.5, 4.08475e-11, -4.08467e-11, 1, 0.0503274, 0, 0, 0, 1, -1.94806e-16, -5.83102e-17, -5.70207e-09, 5.51812e-09, 5.51812e-09, 2.911e-16, 0, 0, 0, 0, 0, 0
1.26, 2025-04-28__20-08-46.966954, 1, -2.59622e-16, -5.11832e-11, 0.3, 2.59625e-16, 1, 5.11823e-11, 0.5, 5.11832e-11, -5.11823e-11, 1, 0.0503274, 0, 0, 0, 1, -1.9548e-16, -5.83949e-17, -2.66564e-09, -3.21165e-10, -3.21167e-10, 2.87564e-16, 0, 0, 0, 0, 0, 0
1.27, 2025-04-28__20-08-46.976967, 1, -2.6244e-16, -2.96888e-11, 0.3, 2.62441e-16, 1, 2.9688e-11, 0.5, 2.96888e-11, -2.9688e-11, 1, 0.0503274, 0, 0, 0, 1, -1.98557e-16, -5.79396e-17, -5.11814e-09, 3.21155e-10, 3.21154e-10, 2.78855e-16, 0, 0, 0, 0, 0, 0
1.28, 2025-04-28__20-08-46.987216, 1, -2.65178e-16, -5.18256e-11, 0.3, 2.6518e-16, 1, 5.18247e-11, 0.5, 5.18256e-11, -5.18247e-11, 1, 0.0503274, 0, 0, 0, 1, -2.00635e-16, -5.84369e-17, -7.57064e-09, -3.21164e-10, -3.21166e-10, 2.64468e-16, 0, 0, 0, 0, 0, 0
1.29, 2025-04-28__20-08-46.996084, 1, -2.67551e-16, -2.93678e-11, 0.3, 2.67552e-16, 1, 2.93669e-11, 0.5, 2.93678e-11, -2.93669e-11, 1, 0.0503274, 0, 0, 0, 1, -2.02589e-16, -5.80708e-17, -7.57064e-09, 3.21156e-10, 3.21155e-10, 2.65838e-16, 0, 0, 0, 0, 0, 0
1.3, 2025-04-28__20-08-47.007265, 1, -2.7051e-16, -5.18841e-11, 0.3, 2.70512e-16, 1, 5.18832e-11, 0.5, 5.18841e-11, -5.18832e-11, 1, 0.0503274, 0, 0, 0, 1, -2.05707e-16, -5.69148e-17, -7.97074e-10, 5.51812e-09, 5.51812e-09, 2.68081e-16, 0, 0, 0, 0, 0, 0
1.31, 2025-04-28__20-08-47.016677, 1, -2.73144e-16, -3.48276e-11, 0.3, 2.73145e-16, 1, 3.48267e-11, 0.5, 3.48276e-11, -3.48267e-11, 1, 0.0503274, 0, 0, 0, 1, -2.08343e-16, -5.57393e-17, -3.24957e-09, -5.51813e-09, -5.51813e-09, 2.60132e-16, 0, 0, 0, 0, 0, 0
1.32, 2025-04-28__20-08-47.027401, 1, -2.75689e-16, -4.0848e-11, 0.3, 2.75691e-16, 1, 4.0847e-11, 0.5, 4.0848e-11, -4.0847e-11, 1, 0.0503274, 0, 0, 0, 1, -2.09145e-16, -5.60584e-17, -5.70207e-09, 5.51812e-09, 5.51812e-09, 2.58967e-16, 0, 0, 0, 0, 0, 0
1.33, 2025-04-28__20-08-47.036836, 1, -2.78055e-16, -4.03458e-11, 0.3, 2.78056e-16, 1, 4.03449e-11, 0.5, 4.03458e-11, -4.03449e-11, 1, 0.0503274, 0, 0, 0, 1, -2.10505e-16, -5.50276e-17, -5.70207e-09, -5.51813e-09, -5.51813e-09, 2.65149e-16, 0, 0, 0, 0, 0, 0
1.34, 2025-04-28__20-08-47.047358, 1, -2.80998e-16, -3.03315e-11, 0.3, 2.80999e-16, 1, 3.03305e-11, 0.5, 3.03315e-11, -3.03305e-11, 1, 0.0503274, 0, 0, 0, 1, -2.11514e-16, -5.40314e-17, -2.13145e-10, 3.21158e-10, 3.21157e-10, 2.69844e-16, 0, 0, 0, 0, 0, 0
1.35, 2025-04-28__20-08-47.055887, 1, -2.83404e-16, -5.08624e-11, 0.3, 2.83407e-16, 1, 5.08615e-11, 0.5, 5.08624e-11, -5.08615e-11, 1, 0.0503274, 0, 0, 0, 1, -2.12717e-16, -5.46094e-17, -2.13144e-10, -3.21162e-10, -3.21163e-10, 2.66756e-16, 0, 0, 0, 0, 0, 0
1.36, 2025-04-28__20-08-47.065593, 1, -2.85804e-16, -3.03315e-11, 0.3, 2.85805e-16, 1, 3.03305e-11, 0.5, 3.03315e-11, -3.03305e-11, 1, 0.0503274, 0, 0, 0, 1, -2.14621e-16, -5.30984e-17, -2.13145e-10, 3.21159e-10, 3.21157e-10, 2.64717e-16, 0, 0, 0, 0, 0, 0
1.37, 2025-04-28__20-08-47.075690, 1, -2.88411e-16, -5.11837e-11, 0.3, 2.88414e-16, 1, 5.11826e-11, 0.5, 5.11837e-11, -5.11826e-11, 1, 0.0503274, 0, 0, 0, 1, -2.16553e-16, -5.1749e-17, -2.66564e-09, -3.21161e-10, -3.21163e-10, 2.58856e-16, 0, 0, 0, 0, 0, 0
1.38, 2025-04-28__20-08-47.085361, 1, -2.90962e-16, -2.96893e-11, 0.3, 2.90963e-16, 1, 2.96883e-11, 0.5, 2.96893e-11, -2.96883e-11, 1, 0.0503274, 0, 0, 0, 1, -2.19253e-16, -5.03466e-17, -5.11814e-09, 3.21159e-10, 3.21157e-10, 2.51044e-16, 0, 0, 0, 0, 0, 0
1.39, 2025-04-28__20-08-47.095690, 1, -2.93491e-16, -5.1826e-11, 0.3, 2.93494e-16, 1, 5.1825e-11, 0.5, 5.1826e-11, -5.1825e-11, 1, 0.0503274, 0, 0, 0, 1, -2.19933e-16, -5.07997e-17, -7.57064e-09, -3.21161e-10, -3.21163e-10, 2.52649e-16, 0, 0, 0, 0, 0, 0
1.4, 2025-04-28__20-08-47.106033, 1, -2.96174e-16, -2.93098e-11, 0.3, 2.96175e-16, 1, 2.93087e-11, 0.5, 2.93098e-11, -2.93087e-11, 1, 0.0503274, 0, 0, 0, 1, -2.22288e-16, -5.00177e-17, -7.97074e-10, -5.51812e-09, -5.51813e-09, 2.39296e-16, 0, 0, 0, 0, 0, 0
1.41, 2025-04-28__20-08-47.117054, 1, -2.98808e-16, -4.08482e-11, 0.3, 2.9881e-16, 1, 4.08472e-11, 0.5, 4.08482e-11, -4.08472e-11, 1, 0.0503274, 0, 0, 0, 1, -2.25219e-16, -4.82113e-17, -5.70207e-09, 5.51812e-09, 5.51812e-09, 2.39318e-16, 0, 0, 0, 0, 0, 0
1.42, 2025-04-28__20-08-47.125999, 1, -3.00914e-16, -4.03461e-11, 0.3, 3.00916e-16, 1, 4.0345e-11, 0.5, 4.03461e-11, -4.0345e-11, 1, 0.0503274, 0, 0, 0, 1, -2.26565e-16, -4.75381e-17, -5.70207e-09, -5.51812e-09, -5.51813e-09, 2.30269e-16, 0, 0, 0, 0, 0, 0
1.43, 2025-04-28__20-08-47.135976, 1, -3.03186e-16, -3.53301e-11, 0.3, 3.03188e-16, 1, 3.5329e-11, 0.5, 3.53301e-11, -3.5329e-11, 1, 0.0503274, 0, 0, 0, 1, -2.31226e-16, -4.32735e-17, -8.15457e-09, 5.51812e-09, 5.51812e-09, 2.22094e-16, 0, 0, 0, 0, 0, 0
1.44, 2025-04-28__20-08-47.147572, 1, -3.05612e-16, -5.11838e-11, 0.3, 3.05614e-16, 1, 5.11827e-11, 0.5, 5.11838e-11, -5.11827e-11, 1, 0.0503274, 0, 0, 0, 1, -2.33374e-16, -4.34505e-17, -2.66564e-09, -3.2116e-10, -3.21162e-10, 2.17791e-16, 0, 0, 0, 0, 0, 0
1.45, 2025-04-28__20-08-47.157175, 1, -3.07794e-16, -2.96894e-11, 0.3, 3.07795e-16, 1, 2.96883e-11, 0.5, 2.96894e-11, -2.96883e-11, 1, 0.0503274, 0, 0, 0, 1, -2.35828e-16, -4.21219e-17, -5.11814e-09, 3.2116e-10, 3.21158e-10, 2.19139e-16, 0, 0, 0, 0, 0, 0
1.46, 2025-04-28__20-08-47.167272, 1, -3.10004e-16, -5.18262e-11, 0.3, 3.10006e-16, 1, 5.1825e-11, 0.5, 5.18262e-11, -5.1825e-11, 1, 0.0503274, 0, 0, 0, 1, -2.38045e-16, -4.08781e-17, -7.57064e-09, -3.2116e-10, -3.21162e-10, 2.2017e-16, 0, 0, 0, 0, 0, 0
1.47, 2025-04-28__20-08-47.175971, 1, -3.12039e-16, -2.93683e-11, 0.3, 3.1204e-16, 1, 2.93671e-11, 0.5, 2.93683e-11, -2.93671e-11, 1, 0.0503274, 0, 0, 0, 1, -2.40843e-16, -3.8109e-17, -7.57064e-09, 3.2116e-10, 3.21158e-10, 2.30878e-16, 0, 0, 0, 0, 0, 0
1.48, 2025-04-28__20-08-47.187360, 1, -3.14593e-16, -5.18846e-11, 0.3, 3.14595e-16, 1, 5.18834e-11, 0.5, 5.18846e-11, -5.18834e-11, 1, 0.0503274, 0, 0, 0, 1, -2.43326e-16, -3.50923e-17, -7.97074e-10, 5.51812e-09, 5.51812e-09, 2.33217e-16, 0, 0, 0, 0, 0, 0
1.49, 2025-04-28__20-08-47.197016, 1, -3.16884e-16, -3.48281e-11, 0.3, 3.16885e-16, 1, 3.48269e-11, 0.5, 3.48281e-11, -3.48269e-11, 1, 0.0503274, 0, 0, 0, 1, -2.46562e-16, -3.25552e-17, -3.24957e-09, -5.51812e-09, -5.51813e-09, 2.27822e-16, 0, 0, 0, 0, 0, 0
1.5, 2025-04-28__20-08-47.206026, 1, -3.18956e-16, -4.63665e-11, 0.3, 3.18958e-16, 1, 4.63653e-11, 0.5, 4.63665e-11, -4.63653e-11, 1, 0.0503274, 0, 0, 0, 1, -2.50531e-16, -3.02313e-17, -3.24957e-09, 5.51812e-09, 5.51812e-09, 2.32789e-16, 0, 0, 0, 0, 0, 0
1.51, 2025-04-28__20-08-47.216691, 1, -3.21285e-16, -4.03462e-11, 0.3, 3.21287e-16, 1, 4.0345e-11, 0.5, 4.03462e-11, -4.0345e-11, 1, 0.0503274, 0, 0, 0, 1, -2.52672e-16, -2.93675e-17, -5.70207e-09, -5.51812e-09, -5.51813e-09, 2.34961e-16, 0, 0, 0, 0, 0, 0
1.52, 2025-04-28__20-08-47.227055, 1, -3.23884e-16, -3.03319e-11, 0.3, 3.23884e-16, 1, 3.03306e-11, 0.5, 3.03319e-11, -3.03306e-11, 1, 0.0503274, 0, 0, 0, 1, -2.54492e-16, -2.69091e-17, -2.13144e-10, 3.2116e-10, 3.21159e-10, 2.36836e-16, 0, 0, 0, 0, 0, 0
1.53, 2025-04-28__20-08-47.236987, 1, -3.26321e-16, -5.1184e-11, 0.3, 3.26323e-16, 1, 5.11827e-11, 0.5, 5.1184e-11, -5.11827e-11, 1, 0.0503274, 0, 0, 0, 1, -2.56917e-16, -2.36237e-17, -2.66564e-09, -3.2116e-10, -3.21162e-10, 2.50204e-16, 0, 0, 0, 0, 0, 0
1.54, 2025-04-28__20-08-47.246968, 1, -3.28827e-16, -2.96896e-11, 0.3, 3.28828e-16, 1, 2.96883e-11, 0.5, 2.96896e-11, -2.96883e-11, 1, 0.0503274, 0, 0, 0, 1, -2.60644e-16, -2.07318e-17, -5.11814e-09, 3.2116e-10, 3.21159e-10, 2.51696e-16, 0, 0, 0, 0, 0, 0
1.55, 2025-04-28__20-08-47.257009, 1, -3.31348e-16, -5.18263e-11, 0.3, 3.3135e-16, 1, 5.1825e-11, 0.5, 5.18263e-11, -5.1825e-11, 1, 0.0503274, 0, 0, 0, 1, -2.63563e-16, -1.8149e-17, -7.57064e-09, -3.2116e-10, -3.21162e-10, 2.48686e-16, 0, 0, 0, 0, 0, 0
1.56, 2025-04-28__20-08-47.267317, 1, -3.33858e-16, -2.90473e-11, 0.3, 3.33859e-16, 1, 2.9046e-11, 0.5, 2.90473e-11, -2.9046e-11, 1, 0.0503274, 0, 0, 0, 1, -2.66244e-16, -1.52683e-17, -1.00231e-08, 3.2116e-10, 3.21159e-10, 2.52705e-16, 0, 0, 0, 0, 0, 0
1.57, 2025-04-28__20-08-47.277236, 1, -3.36401e-16, -5.18848e-11, 0.3, 3.36404e-16, 1, 5.18834e-11, 0.5, 5.18848e-11, -5.18834e-11, 1, 0.0503274, 0, 0, 0, 1, -2.65651e-16, -1.51009e-17, -7.97074e-10, 5.51812e-09, 5.51812e-09, 2.62751e-16, 0, 0, 0, 0, 0, 0
1.58, 2025-04-28__20-08-47.286997, 1, -3.39016e-16, -3.48282e-11, 0.3, 3.39017e-16, 1, 3.48269e-11, 0.5, 3.48282e-11, -3.48269e-11, 1, 0.0503274, 0, 0, 0, 1, -2.65438e-16, -1.45124e-17, -3.24957e-09, -5.51812e-09, -5.51812e-09, 2.57691e-16, 0, 0, 0, 0, 0, 0
1.59, 2025-04-28__20-08-47.295362, 1, -3.41085e-16, -5.18848e-11, 0.3, 3.41088e-16, 1, 5.18834e-11, 0.5, 5.18848e-11, -5.18834e-11, 1, 0.0503274, 0, 0, 0, 1, -2.65182e-16, -1.43606e-17, -7.97074e-10, 5.51812e-09, 5.51812e-09, 2.59008e-16, 0, 0, 0, 0, 0, 0
1.6, 2025-04-28__20-08-47.307736, 1, -3.44212e-16, -4.58645e-11, 0.3, 3.44214e-16, 1, 4.58631e-11, 0.5, 4.58645e-11, -4.58631e-11, 1, 0.0503274, 0, 0, 0, 1, -2.64554e-16, -1.42796e-17, -8.15457e-09, -5.51812e-09, -5.51812e-09, 2.59917e-16, 0, 0, 0, 0, 0, 0
1.61, 2025-04-28__20-08-47.316004, 1, -3.46491e-16, -3.53304e-11, 0.3, 3.46492e-16, 1, 3.5329e-11, 0.5, 3.53304e-11, -3.5329e-11, 1, 0.0503274, 0, 0, 0, 1, -2.65166e-16, -1.43437e-17, -8.15457e-09, 5.51812e-09, 5.51812e-09, 2.48796e-16, 0, 0, 0, 0, 0, 0
1.62, 2025-04-28__20-08-47.327361, 1, -3.49166e-16, -5.11841e-11, 0.3, 3.49168e-16, 1, 5.11827e-11, 0.5, 5.11841e-11, -5.11827e-11, 1, 0.0503274, 0, 0, 0, 1, -2.64851e-16, -1.55958e-17, -2.66564e-09, -3.2116e-10, -3.21161e-10, 2.3848e-16, 0, 0, 0, 0, 0, 0
1.63, 2025-04-28__20-08-47.335357, 1, -3.51036e-16, -3.0332e-11, 0.3, 3.51037e-16, 1, 3.03306e-11, 0.5, 3.0332e-11, -3.03306e-11, 1, 0.0503274, 0, 0, 0, 1, -2.6556e-16, -1.44633e-17, -2.13144e-10, 3.2116e-10, 3.21159e-10, 2.31212e-16, 0, 0, 0, 0, 0, 0
1.64, 2025-04-28__20-08-47.345994, 1, -3.53571e-16, -5.15053e-11, 0.3, 3.53574e-16, 1, 5.15038e-11, 0.5, 5.15053e-11, -5.15038e-11, 1, 0.0503274, 0, 0, 0, 1, -2.6519e-16, -1.59319e-17, -5.11814e-09, -3.2116e-10, -3.21161e-10, 2.2774e-16, 0, 0, 0, 0, 0, 0
1.65, 2025-04-28__20-08-47.357363, 1, -3.5605e-16, -2.90474e-11, 0.3, 3.56051e-16, 1, 2.9046e-11, 0.5, 2.90474e-11, -2.9046e-11, 1, 0.0503274, 0, 0, 0, 1, -2.65688e-16, -1.57354e-17, -1.00231e-08, 3.2116e-10, 3.21159e-10, 2.2411e-16, 0, 0, 0, 0, 0, 0
1.66, 2025-04-28__20-08-47.367233, 1, -3.58351e-16, -5.18849e-11, 0.3, 3.58353e-16, 1, 5.18834e-11, 0.5, 5.18849e-11, -5.18834e-11, 1, 0.0503274, 0, 0, 0, 1, -2.6608e-16, -1.46867e-17, -7.97074e-10, 5.51812e-09, 5.51812e-09, 2.29493e-16, 0, 0, 0, 0, 0, 0
1.67, 2025-04-28__20-08-47.377262, 1, -3.60629e-16, -3.48283e-11, 0.3, 3.6063e-16, 1, 3.48268e-11, 0.5, 3.48283e-11, -3.48268e-11, 1, 0.0503274, 0, 0, 0, 1, -2.658e-16, -1.45963e-17, -3.24957e-09, -5.51812e-09, -5.51812e-09, 2.25735e-16, 0, 0, 0, 0, 0, 0
1.68, 2025-04-28__20-08-47.385964, 1, -3.62631e-16, -4.63667e-11, 0.3, 3.62634e-16, 1, 4.63653e-11, 0.5, 4.63667e-11, -4.63653e-11, 1, 0.0503274, 0, 0, 0, 1, -2.6748e-16, -1.31412e-17, -3.24957e-09, 5.51812e-09, 5.51812e-09, 2.25108e-16, 0, 0, 0, 0, 0, 0
1.69, 2025-04-28__20-08-47.395965, 1, -3.64811e-16, -4.03465e-11, 0.3, 3.64813e-16, 1, 4.03449e-11, 0.5, 4.03465e-11, -4.03449e-11, 1, 0.0503274, 0, 0, 0, 1, -2.68056e-16, -1.37167e-17, -5.70207e-09, -5.51812e-09, -5.51812e-09, 2.12789e-16, 0, 0, 0, 0, 0, 0
1.7, 2025-04-28__20-08-47.405360, 1, -3.667e-16, -4.08486e-11, 0.3, 3.66702e-16, 1, 4.08471e-11, 0.5, 4.08486e-11, -4.08471e-11, 1, 0.0503274, 0, 0, 0, 1, -2.68981e-16, -1.42997e-17, -5.70207e-09, 5.51812e-09, 5.51812e-09, 2.06941e-16, 0, 0, 0, 0, 0, 0
1.71, 2025-04-28__20-08-47.416692, 1, -3.6892e-16, -5.0863e-11, 0.3, 3.68922e-16, 1, 5.08615e-11, 0.5, 5.0863e-11, -5.08615e-11, 1, 0.0503274, 0, 0, 0, 1, -2.68551e-16, -1.53105e-17, -2.13144e-10, -3.2116e-10, -3.21161e-10, 2.01404e-16, 0, 0, 0, 0, 0, 0
1.72, 2025-04-28__20-08-47.425366, 1, -3.70732e-16, -3.03321e-11, 0.3, 3.70732e-16, 1, 3.03306e-11, 0.5, 3.03321e-11, -3.03306e-11, 1, 0.0503274, 0, 0, 0, 1, -2.67367e-16, -1.58564e-17, -2.13144e-10, 3.21161e-10, 3.21159e-10, 2.02193e-16, 0, 0, 0, 0, 0, 0
1.73, 2025-04-28__20-08-47.437727, 1, -3.73063e-16, -5.18265e-11, 0.3, 3.73066e-16, 1, 5.1825e-11, 0.5, 5.18265e-11, -5.1825e-11, 1, 0.0503274, 0, 0, 0, 1, -2.69418e-16, -1.5114e-17, -7.57064e-09, -3.2116e-10, -3.21161e-10, 1.92485e-16, 0, 0, 0, 0, 0, 0
1.74, 2025-04-28__20-08-47.446364, 1, -3.74822e-16, -2.93686e-11, 0.3, 3.74823e-16, 1, 2.93671e-11, 0.5, 2.93686e-11, -2.93671e-11, 1, 0.0503274, 0, 0, 0, 1, -2.69842e-16, -1.52122e-17, -7.57064e-09, 3.21161e-10, 3.21159e-10, 1.96288e-16, 0, 0, 0, 0, 0, 0
1.75, 2025-04-28__20-08-47.457481, 1, -3.76946e-16, -5.18849e-11, 0.3, 3.76949e-16, 1, 5.18833e-11, 0.5, 5.18849e-11, -5.18833e-11, 1, 0.0503274, 0, 0, 0, 1, -2.7051e-16, -1.46649e-17, -7.97074e-10, 5.51812e-09, 5.51812e-09, 1.9198e-16, 0, 0, 0, 0, 0, 0
1.76, 2025-04-28__20-08-47.467044, 1, -3.78892e-16, -3.48284e-11, 0.3, 3.78893e-16, 1, 3.48268e-11, 0.5, 3.48284e-11, -3.48268e-11, 1, 0.0503274, 0, 0, 0, 1, -2.70602e-16, -1.41614e-17, -3.24957e-09, -5.51812e-09, -5.51812e-09, 1.91262e-16, 0, 0, 0, 0, 0, 0
1.77, 2025-04-28__20-08-47.476970, 1, -3.80787e-16, -4.08487e-11, 0.3, 3.80788e-16, 1, 4.08471e-11, 0.5, 4.08487e-11, -4.08471e-11, 1, 0.0503274, 0, 0, 0, 1, -2.73018e-16, -1.23763e-17, -5.70207e-09, 5.51812e-09, 5.51812e-09, 1.87816e-16, 0, 0, 0, 0, 0, 0
1.78, 2025-04-28__20-08-47.485363, 1, -3.82235e-16, -3.48284e-11, 0.3, 3.82237e-16, 1, 3.48268e-11, 0.5, 3.48284e-11, -3.48268e-11, 1, 0.0503274, 0, 0, 0, 1, -2.73372e-16, -1.3263e-17, -3.24957e-09, -5.51812e-09, -5.51812e-09, 1.82043e-16, 0, 0, 0, 0, 0, 0
1.79, 2025-04-28__20-08-47.497693, 1, -3.84333e-16, -3.03322e-11, 0.3, 3.84334e-16, 1, 3.03305e-11, 0.5, 3.03322e-11, -3.03305e-11, 1, 0.0503274, 0, 0, 0, 1, -2.72957e-16, -1.24373e-17, -2.13144e-10, 3.21161e-10, 3.21159e-10, 1.68518e-16, 0, 0, 0, 0, 0, 0
1.8, 2025-04-28__20-08-47.507149, 1, -3.86062e-16, -5.11843e-11, 0.3, 3.86065e-16, 1, 5.11826e-11, 0.5, 5.11843e-11, -5.11826e-11, 1, 0.0503274, 0, 0, 0, 1, -2.73666e-16, -1.06609e-17, -2.66564e-09, -3.2116e-10, -3.21161e-10, 1.75034e-16, 0, 0, 0, 0, 0, 0
1.81, 2025-04-28__20-08-47.516984, 1, -3.87781e-16, -2.96899e-11, 0.3, 3.87782e-16, 1, 2.96882e-11, 0.5, 2.96899e-11, -2.96882e-11, 1, 0.0503274, 0, 0, 0, 1, -2.73093e-16, -1.03274e-17, -5.11814e-09, 3.2116e-10, 3.21159e-10, 1.71061e-16, 0, 0, 0, 0, 0, 0
1.82, 2025-04-28__20-08-47.525363, 1, -3.89126e-16, -5.11843e-11, 0.3, 3.89129e-16, 1, 5.11826e-11, 0.5, 5.11843e-11, -5.11826e-11, 1, 0.0503274, 0, 0, 0, 1, -2.72589e-16, -1.09919e-17, -2.66564e-09, -3.2116e-10, -3.21161e-10, 1.63681e-16, 0, 0, 0, 0, 0, 0
1.83, 2025-04-28__20-08-47.535367, 1, -3.90753e-16, -2.96899e-11, 0.3, 3.90754e-16, 1, 2.96882e-11, 0.5, 2.96899e-11, -2.96882e-11, 1, 0.0503274, 0, 0, 0, 1, -2.72428e-16, -1.11365e-17, -5.11814e-09, 3.21161e-10, 3.21159e-10, 1.64561e-16, 0, 0, 0, 0, 0, 0
1.84, 2025-04-28__20-08-47.545696, 1, -3.92362e-16, -5.18266e-11, 0.3, 3.92365e-16, 1, 5.18249e-11, 0.5, 5.18266e-11, -5.18249e-11, 1, 0.0503274, 0, 0, 0, 1, -2.72716e-16, -1.21421e-17, -7.57064e-09, -3.2116e-10, -3.21161e-10, 1.60399e-16, 0, 0, 0, 0, 0, 0
1.85, 2025-04-28__20-08-47.556049, 1, -3.94126e-16, -2.93103e-11, 0.3, 3.94127e-16, 1, 2.93086e-11, 0.5, 2.93103e-11, -2.93086e-11, 1, 0.0503274, 0, 0, 0, 1, -2.73219e-16, -1.29195e-17, -7.97074e-10, -5.51812e-09, -5.51812e-09, 1.53877e-16, 0, 0, 0, 0, 0, 0
1.86, 2025-04-28__20-08-47.567373, 1, -3.9583e-16, -4.08488e-11, 0.3, 3.95832e-16, 1, 4.0847e-11, 0.5, 4.08488e-11, -4.0847e-11, 1, 0.0503274, 0, 0, 0, 1, -2.72903e-16, -1.27349e-17, -5.70207e-09, 5.51812e-09, 5.51812e-09, 1.59152e-16, 0, 0, 0, 0, 0, 0
1.87, 2025-04-28__20-08-47.576969, 1, -3.97473e-16, -4.58647e-11, 0.3, 3.97475e-16, 1, 4.5863e-11, 0.5, 4.58647e-11, -4.5863e-11, 1, 0.0503274, 0, 0, 0, 1, -2.72875e-16, -1.29985e-17, -8.15457e-09, -5.51812e-09, -5.51812e-09, 1.63927e-16, 0, 0, 0, 0, 0, 0
1.88, 2025-04-28__20-08-47.587332, 1, -3.99115e-16, -3.03322e-11, 0.3, 3.99115e-16, 1, 3.03305e-11, 0.5, 3.03322e-11, -3.03305e-11, 1, 0.0503274, 0, 0, 0, 1, -2.72718e-16, -1.26117e-17, -2.13144e-10, 3.21161e-10, 3.21159e-10, 1.66495e-16, 0, 0, 0, 0, 0, 0
1.89, 2025-04-28__20-08-47.595959, 1, -4.00615e-16, -5.08632e-11, 0.3, 4.00618e-16, 1, 5.08614e-11, 0.5, 5.08632e-11, -5.08614e-11, 1, 0.0503274, 0, 0, 0, 1, -2.72775e-16, -1.27145e-17, -2.13144e-10, -3.21159e-10, -3.21161e-10, 1.62318e-16, 0, 0, 0, 0, 0, 0
1.9, 2025-04-28__20-08-47.607242, 1, -4.02365e-16, -2.96899e-11, 0.3, 4.02366e-16, 1, 2.96881e-11, 0.5, 2.96899e-11, -2.96881e-11, 1, 0.0503274, 0, 0, 0, 1, -2.73048e-16, -1.25876e-17, -5.11814e-09, 3.21161e-10, 3.21159e-10, 1.60237e-16, 0, 0, 0, 0, 0, 0
1.91, 2025-04-28__20-08-47.616691, 1, -4.03771e-16, -5.15055e-11, 0.3, 4.03773e-16, 1, 5.15037e-11, 0.5, 5.15055e-11, -5.15037e-11, 1, 0.0503274, 0, 0, 0, 1, -2.72996e-16, -1.31634e-17, -5.11814e-09, -3.21159e-10, -3.21161e-10, 1.48992e-16, 0, 0, 0, 0, 0, 0
1.92, 2025-04-28__20-08-47.626366, 1, -4.05242e-16, -2.93688e-11, 0.3, 4.05243e-16, 1, 2.9367e-11, 0.5, 2.93688e-11, -2.9367e-11, 1, 0.0503274, 0, 0, 0, 1, -2.72652e-16, -1.40586e-17, -7.57064e-09, 3.21161e-10, 3.21159e-10, 1.48319e-16, 0, 0, 0, 0, 0, 0
1.93, 2025-04-28__20-08-47.635368, 1, -4.06579e-16, -5.18267e-11, 0.3, 4.06582e-16, 1, 5.18249e-11, 0.5, 5.18267e-11, -5.18249e-11, 1, 0.0503274, 0, 0, 0, 1, -2.71583e-16, -1.48112e-17, -7.57064e-09, -3.21159e-10, -3.21161e-10, 1.44263e-16, 0, 0, 0, 0, 0, 0
1.94, 2025-04-28__20-08-47.645694, 1, -4.08017e-16, -2.90476e-11, 0.3, 4.08017e-16, 1, 2.90458e-11, 0.5, 2.90476e-11, -2.90458e-11, 1, 0.0503274, 0, 0, 0, 1, -2.73122e-16, -1.44549e-17, -1.00231e-08, 3.21161e-10, 3.21159e-10, 1.42289e-16, 0, 0, 0, 0, 0, 0
1.95, 2025-04-28__20-08-47.656368, 1, -4.09552e-16, -4.63669e-11, 0.3, 4.09554e-16, 1, 4.63651e-11, 0.5, 4.63669e-11, -4.63651e-11, 1, 0.0503274, 0, 0, 0, 1, -2.74441e-16, -1.27254e-17, -3.24957e-09, 5.51812e-09, 5.51812e-09, 1.34196e-16, 0, 0, 0, 0, 0, 0
1.96, 2025-04-28__20-08-47.666051, 1, -4.1083e-16, -4.03467e-11, 0.3, 4.10831e-16, 1, 4.03448e-11, 0.5, 4.03467e-11, -4.03448e-11, 1, 0.0503274, 0, 0, 0, 1, -2.73386e-16, -1.52065e-17, -5.70207e-09, -5.51812e-09, -5.51812e-09, 1.23678e-16, 0, 0, 0, 0, 0, 0
1.97, 2025-04-28__20-08-47.677250, 1, -4.12193e-16, -3.03323e-11, 0.3, 4.12193e-16, 1, 3.03304e-11, 0.5, 3.03323e-11, -3.03304e-11, 1, 0.0503274, 0, 0, 0, 1, -2.7329e-16, -1.56867e-17, -2.13144e-10, 3.21161e-10, 3.21159e-10, 1.22725e-16, 0, 0, 0, 0, 0, 0
1.98, 2025-04-28__20-08-47.687264, 1, -4.13398e-16, -5.11844e-11, 0.3, 4.13401e-16, 1, 5.11825e-11, 0.5, 5.11844e-11, -5.11825e-11, 1, 0.0503274, 0, 0, 0, 1, -2.73634e-16, -1.49384e-17, -2.66564e-09, -3.2116e-10, -3.21161e-10, 1.19891e-16, 0, 0, 0, 0, 0, 0
1.99, 2025-04-28__20-08-47.697262, 1, -4.14568e-16, -2.969e-11, 0.3, 4.14569e-16, 1, 2.96881e-11, 0.5, 2.969e-11, -2.96881e-11, 1, 0.0503274, 0, 0, 0, 1, -2.73447e-16, -1.55995e-17, -5.11814e-09, 3.21161e-10, 3.21159e-10, 1.16954e-16, 0, 0, 0, 0, 0, 0
2, 2025-04-28__20-08-47.707263, 1, -4.15705e-16, -5.18267e-11, 0.3, 4.15708e-16, 1, 5.18248e-11, 0.5, 5.18267e-11, -5.18248e-11, 1, 0.0503274, 0, 0, 0, 1, -2.757e-16, -1.46397e-17, -7.57064e-09, -3.2116e-10, -3.21161e-10, 1.13932e-16, 0, 0, 0, 0, 0, 0
2.01, 2025-04-28__20-08-47.717263, 1, -4.16854e-16, -2.90477e-11, 0.3, 4.16855e-16, 1, 2.90458e-11, 0.5, 2.90477e-11, -2.90458e-11, 1, 0.0503274, 0, 0, 0, 1, -2.7703e-16, -1.48878e-17, -1.00231e-08, 3.21161e-10, 3.21159e-10, 1.14652e-16, 0, 0, 0, 0, 0, 0
2.02, 2025-04-28__20-08-47.726063, 1, -4.17887e-16, -5.21479e-11, 0.3, 4.17889e-16, 1, 5.2146e-11, 0.5, 5.21479e-11, -5.2146e-11, 1, 0.0503274, 0, 0, 0, 1, -2.79833e-16, -1.30502e-17, -1.00231e-08, -3.2116e-10, -3.21161e-10, 1.15333e-16, 0, 0, 0, 0, 0, 0
2.03, 2025-04-28__20-08-47.736045, 1, -4.19063e-16, -2.93104e-11, 0.3, 4.19064e-16, 1, 2.93085e-11, 0.5, 2.93104e-11, -2.93085e-11, 1, 0.0503274, 0, 0, 0, 1, -2.7982e-16, -1.41623e-17, -7.97074e-10, -5.51812e-09, -5.51812e-09, 1.19032e-16, 0, 0, 0, 0, 0, 0
2.04, 2025-04-28__20-08-47.746994, 1, -4.2042e-16, -4.08489e-11, 0.3, 4.20422e-16, 1, 4.08469e-11, 0.5, 4.08489e-11, -4.08469e-11, 1, 0.0503274, 0, 0, 0, 1, -2.80861e-16, -1.33797e-17, -5.70207e-09, 5.51812e-09, 5.51812e-09, 1.30174e-16, 0, 0, 0, 0, 0, 0
2.05, 2025-04-28__20-08-47.755957, 1, -4.21594e-16, -4.03467e-11, 0.3, 4.21596e-16, 1, 4.03448e-11, 0.5, 4.03467e-11, -4.03448e-11, 1, 0.0503274, 0, 0, 0, 1, -2.81626e-16, -1.30318e-17, -5.70207e-09, -5.51812e-09, -5.51812e-09, 1.31889e-16, 0, 0, 0, 0, 0, 0
2.06, 2025-04-28__20-08-47.766874, 1, -4.23027e-16, -3.03323e-11, 0.3, 4.23027e-16, 1, 3.03304e-11, 0.5, 3.03323e-11, -3.03304e-11, 1, 0.0503274, 0, 0, 0, 1, -2.81982e-16, -1.3563e-17, -2.13144e-10, 3.2116e-10, 3.21159e-10, 1.26835e-16, 0, 0, 0, 0, 0, 0
2.07, 2025-04-28__20-08-47.776965, 1, -4.24337e-16, -5.11844e-11, 0.3, 4.2434e-16, 1, 5.11825e-11, 0.5, 5.11844e-11, -5.11825e-11, 1, 0.0503274, 0, 0, 0, 1, -2.84371e-16, -1.04077e-17, -2.66564e-09, -3.2116e-10, -3.21161e-10, 1.28767e-16, 0, 0, 0, 0, 0, 0
2.08, 2025-04-28__20-08-47.787339, 1, -4.25589e-16, -2.969e-11, 0.3, 4.2559e-16, 1, 2.96881e-11, 0.5, 2.969e-11, -2.96881e-11, 1, 0.0503274, 0, 0, 0, 1, -2.86285e-16, -9.81316e-18, -5.11814e-09, 3.2116e-10, 3.21159e-10, 1.19471e-16, 0, 0, 0, 0, 0, 0
2.09, 2025-04-28__20-08-47.797243, 1, -4.2675e-16, -5.18268e-11, 0.3, 4.26753e-16, 1, 5.18248e-11, 0.5, 5.18268e-11, -5.18248e-11, 1, 0.0503274, 0, 0, 0, 1, -2.88633e-16, -8.21833e-18, -7.57064e-09, -3.2116e-10, -3.21161e-10, 1.13107e-16, 0, 0, 0, 0, 0, 0
2.1, 2025-04-28__20-08-47.805972, 1, -4.27732e-16, -2.93689e-11, 0.3, 4.27733e-16, 1, 2.93669e-11, 0.5, 2.93689e-11, -2.93669e-11, 1, 0.0503274, 0, 0, 0, 1, -2.91089e-16, -6.26589e-18, -7.57064e-09, 3.2116e-10, 3.21159e-10, 1.04517e-16, 0, 0, 0, 0, 0, 0
2.11, 2025-04-28__20-08-47.816980, 1, -4.28854e-16, -5.18852e-11, 0.3, 4.28857e-16, 1, 5.18832e-11, 0.5, 5.18852e-11, -5.18832e-11, 1, 0.0503274, 0, 0, 0, 1, -2.92578e-16, -4.44035e-18, -7.97074e-10, 5.51812e-09, 5.51812e-09, 1.02825e-16, 0, 0, 0, 0, 0, 0
2.12, 2025-04-28__20-08-47.825695, 1, -4.29654e-16, -2.90477e-11, 0.3, 4.29655e-16, 1, 2.90457e-11, 0.5, 2.90477e-11, -2.90457e-11, 1, 0.0503274, 0, 0, 0, 1, -2.9269e-16, -5.35996e-18, -1.00231e-08, 3.2116e-10, 3.21159e-10, 1.01094e-16, 0, 0, 0, 0, 0, 0
2.13, 2025-04-28__20-08-47.837663, 1, -4.30774e-16, -4.08489e-11, 0.3, 4.30776e-16, 1, 4.08469e-11, 0.5, 4.08489e-11, -4.08469e-11, 1, 0.0503274, 0, 0, 0, 1, -2.95546e-16, -5.17268e-18, -5.70207e-09, 5.51812e-09, 5.51812e-09, 8.59168e-17, 0, 0, 0, 0, 0, 0
2.14, 2025-04-28__20-08-47.846041, 1, -4.31535e-16, -4.03468e-11, 0.3, 4.31537e-16, 1, 4.03447e-11, 0.5, 4.03468e-11, -4.03447e-11, 1, 0.0503274, 0, 0, 0, 1, -2.97431e-16, -3.87671e-18, -5.70207e-09, -5.51812e-09, -5.51812e-09, 8.06074e-17, 0, 0, 0, 0, 0, 0
2.15, 2025-04-28__20-08-47.856371, 1, -4.32375e-16, -3.53308e-11, 0.3, 4.32376e-16, 1, 3.53288e-11, 0.5, 3.53308e-11, -3.53288e-11, 1, 0.0503274, 0, 0, 0, 1, -2.98407e-16, -1.85755e-18, -8.15457e-09, 5.51812e-09, 5.51812e-09, 8.45345e-17, 0, 0, 0, 0, 0, 0
2.16, 2025-04-28__20-08-47.867369, 1, -4.33316e-16, -5.11845e-11, 0.3, 4.33319e-16, 1, 5.11824e-11, 0.5, 5.11845e-11, -5.11824e-11, 1, 0.0503274, 0, 0, 0, 1, -2.97876e-16, -1.66419e-18, -2.66564e-09, -3.2116e-10, -3.21161e-10, 8.51375e-17, 0, 0, 0, 0, 0, 0
2.17, 2025-04-28__20-08-47.877013, 1, -4.34179e-16, -2.96901e-11, 0.3, 4.3418e-16, 1, 2.9688e-11, 0.5, 2.96901e-11, -2.9688e-11, 1, 0.0503274, 0, 0, 0, 1, -2.98016e-16, -1.03532e-18, -5.11814e-09, 3.2116e-10, 3.21159e-10, 8.83395e-17, 0, 0, 0, 0, 0, 0
2.18, 2025-04-28__20-08-47.887328, 1, -4.35081e-16, -5.18268e-11, 0.3, 4.35084e-16, 1, 5.18248e-11, 0.5, 5.18268e-11, -5.18248e-11, 1, 0.0503274, 0, 0, 0, 1, -2.98911e-16, 1.69107e-19, -7.57064e-09, -3.2116e-10, -3.21161e-10, 9.29871e-17, 0, 0, 0, 0, 0, 0
2.19, 2025-04-28__20-08-47.895965, 1, -4.3594e-16, -2.93689e-11, 0.3, 4.35941e-16, 1, 2.93669e-11, 0.5, 2.93689e-11, -2.93669e-11, 1, 0.0503274, 0, 0, 0, 1, -2.98678e-16, 5.50954e-19, -7.57064e-09, 3.2116e-10, 3.21159e-10, 9.82734e-17, 0, 0, 0, 0, 0, 0
2.2, 2025-04-28__20-08-47.905966, 1, -4.36961e-16, -5.2148e-11, 0.3, 4.36963e-16, 1, 5.21459e-11, 0.5, 5.2148e-11, -5.21459e-11, 1, 0.0503274, 0, 0, 0, 1, -2.98996e-16, 8.70947e-19, -1.00231e-08, -3.2116e-10, -3.21161e-10, 1.06393e-16, 0, 0, 0, 0, 0, 0
2.21, 2025-04-28__20-08-47.917049, 1, -4.38113e-16, -3.48287e-11, 0.3, 4.38114e-16, 1, 3.48266e-11, 0.5, 3.48287e-11, -3.48266e-11, 1, 0.0503274, 0, 0, 0, 1, -2.9943e-16, 6.89105e-19, -3.24957e-09, -5.51812e-09, -5.51812e-09, 1.00552e-16, 0, 0, 0, 0, 0, 0
2.22, 2025-04-28__20-08-47.926036, 1, -4.39012e-16, -4.63671e-11, 0.3, 4.39015e-16, 1, 4.6365e-11, 0.5, 4.63671e-11, -4.6365e-11, 1, 0.0503274, 0, 0, 0, 1, -3.0083e-16, 2.82166e-18, -3.24957e-09, 5.51812e-09, 5.51812e-09, 1.00217e-16, 0, 0, 0, 0, 0, 0
2.23, 2025-04-28__20-08-47.937010, 1, -4.40122e-16, -4.58649e-11, 0.3, 4.40124e-16, 1, 4.58628e-11, 0.5, 4.58649e-11, -4.58628e-11, 1, 0.0503274, 0, 0, 0, 1, -3.01224e-16, 4.33806e-18, -8.15457e-09, -5.51812e-09, -5.51812e-09, 1.01928e-16, 0, 0, 0, 0, 0, 0
2.24, 2025-04-28__20-08-47.947012, 1, -4.41174e-16, -3.03325e-11, 0.3, 4.41175e-16, 1, 3.03303e-11, 0.5, 3.03325e-11, -3.03303e-11, 1, 0.0503274, 0, 0, 0, 1, -3.03624e-16, 5.95091e-18, -2.13144e-10, 3.2116e-10, 3.21159e-10, 1.05926e-16, 0, 0, 0, 0, 0, 0
2.25, 2025-04-28__20-08-47.957016, 1, -4.42233e-16, -5.11845e-11, 0.3, 4.42236e-16, 1, 5.11824e-11, 0.5, 5.11845e-11, -5.11824e-11, 1, 0.0503274, 0, 0, 0, 1, -3.0496e-16, 6.63473e-18, -2.66564e-09, -3.2116e-10, -3.21161e-10, 1.08029e-16, 0, 0, 0, 0, 0, 0
2.26, 2025-04-28__20-08-47.967016, 1, -4.43306e-16, -2.96901e-11, 0.3, 4.43307e-16, 1, 2.9688e-11, 0.5, 2.96901e-11, -2.9688e-11, 1, 0.0503274, 0, 0, 0, 1, -3.04765e-16, 6.55841e-18, -5.11814e-09, 3.2116e-10, 3.21159e-10, 1.12038e-16, 0, 0, 0, 0, 0, 0
2.27, 2025-04-28__20-08-47.977331, 1, -4.44387e-16, -5.18269e-11, 0.3, 4.44389e-16, 1, 5.18247e-11, 0.5, 5.18269e-11, -5.18247e-11, 1, 0.0503274, 0, 0, 0, 1, -3.05027e-16, 6.296e-18, -7.57064e-09, -3.2116e-10, -3.21161e-10, 1.03282e-16, 0, 0, 0, 0, 0, 0
2.28, 2025-04-28__20-08-47.987251, 1, -4.45428e-16, -2.90478e-11, 0.3, 4.45429e-16, 1, 2.90457e-11, 0.5, 2.90478e-11, -2.90457e-11, 1, 0.0503274, 0, 0, 0, 1, -3.05865e-16, 6.43462e-18, -1.00231e-08, 3.2116e-10, 3.21159e-10, 1.05734e-16, 0, 0, 0, 0, 0, 0
2.29, 2025-04-28__20-08-47.996011, 1, -4.46412e-16, -5.2148e-11, 0.3, 4.46414e-16, 1, 5.21459e-11, 0.5, 5.2148e-11, -5.21459e-11, 1, 0.0503274, 0, 0, 0, 1, -3.05984e-16, 6.6504e-18, -1.00231e-08, -3.2116e-10, -3.21161e-10, 1.11458e-16, 0, 0, 0, 0, 0, 0
2.3, 2025-04-28__20-08-48.007582, 1, -4.46524e-16, -5.18853e-11, 0.3, 4.46527e-16, 1, 5.18831e-11, 0.5, 5.18853e-11, -5.18831e-11, 1, 0.0503274, 0, 0, 0, 1, -3.06311e-16, 6.81916e-18, -7.97074e-10, 5.51812e-09, 5.51812e-09, 1.13261e-16, 0, 0, 0, 0, 0, 0
