time, timestamp, joint_positions__0, joint_positions__1, joint_positions__2, joint_positions__3, joint_positions__4, joint_positions__5, joint_positions__6, joint_velocities__0, joint_velocities__1, joint_velocities__2, joint_velocities__3, joint_velocities__4, joint_velocities__5, joint_velocities__6, control_torques__0, control_torques__1, control_torques__2, control_torques__3, control_torques__4, control_torques__5, control_torques__6, mass_matrix__0, mass_matrix__1, mass_matrix__2, mass_matrix__3, mass_matrix__4, mass_matrix__5, mass_matrix__6, mass_matrix__7, mass_matrix__8, mass_matrix__9, mass_matrix__10, mass_matrix__11, mass_matrix__12, mass_matrix__13, mass_matrix__14, mass_matrix__15, mass_matrix__16, mass_matrix__17, mass_matrix__18, mass_matrix__19, mass_matrix__20, mass_matrix__21, mass_matrix__22, mass_matrix__23, mass_matrix__24, mass_matrix__25, mass_matrix__26, mass_matrix__27, mass_matrix__28, mass_matrix__29, mass_matrix__30, mass_matrix__31, mass_matrix__32, mass_matrix__33, mass_matrix__34, mass_matrix__35, mass_matrix__36, mass_matrix__37, mass_matrix__38, mass_matrix__39, mass_matrix__40, mass_matrix__41, mass_matrix__42, mass_matrix__43, mass_matrix__44, mass_matrix__45, mass_matrix__46, mass_matrix__47, mass_matrix__48, 
0.01, 2025-05-06__21-51-12.523786, 0, -0.436332, -0, -2.35619, 0, 1.8326, -0, 0, 0, -0, -0, 0, -0, -0, 0, 0, 0, 0, 0, 0, 0, 2.02247, 0, 1.41672, 0, -0.028984, 0, -0.079696, 0, 2.41761, 0, -1.23642, -0, -0.219546, -0, 1.41672, 0, 1.67016, 0, -0.177021, 0, -0.069282, 0, -1.23642, 0, 1.52991, 0, 0.34775, 0, -0.028984, -0, -0.177021, 0, 0.437556, 0, 0.020706, 0, -0.219546, 0, 0.34775, 0, 0.236828, 0, -0.079696, -0, -0.069282, 0, 0.020706, 0, 0.08
0.02, 2025-05-06__21-51-12.534534, 0, -0.436332, -0, -2.35619, 0, 1.8326, -0, 0, -0, -0, -1e-06, 0, 1e-06, -0, 1.55015e-09, -1.76812e-05, 7.44349e-10, -7.73707e-05, 7.61172e-10, -1.11329e-06, -8.87821e-11, 2.02247, 0, 1.41672, 0, -0.028984, 0, -0.079696, 0, 2.41761, 0, -1.23642, -0, -0.219546, -0, 1.41672, 0, 1.67016, 0, -0.177021, 0, -0.069282, 0, -1.23642, 0, 1.52991, 0, 0.34775, 0, -0.028984, -0, -0.177021, 0, 0.437556, 0, 0.020706, 0, -0.219546, 0, 0.34775, 0, 0.236828, 0, -0.079696, -0, -0.069282, 0, 0.020706, 0, 0.08
0.03, 2025-05-06__21-51-12.544664, 0, -0.436332, -0, -2.3562, 0, 1.8326, -0, 0, -1e-06, -0, -2e-06, 0, 3e-06, -0, 1.55015e-09, -0.000159378, 7.4435e-10, 7.32764e-05, 7.61172e-10, 4.06521e-05, -8.87823e-11, 2.02247, 0, 1.41672, 0, -0.028984, 0, -0.079696, 0, 2.41761, 0, -1.23642, -0, -0.219546, -0, 1.41672, 0, 1.67016, 0, -0.177021, 0, -0.069282, 0, -1.23642, 0, 1.52991, 0, 0.34775, 0, -0.028984, -0, -0.177021, 0, 0.437556, 0, 0.020706, 0, -0.219546, 0, 0.34775, 0, 0.236828, 0, -0.079696, -0, -0.069282, 0, 0.020706, 0, 0.08
0.04, 2025-05-06__21-51-12.553797, 0, -0.436332, -0, -2.3562, 0, 1.8326, -0, 0, -2e-06, -0, -3e-06, 0, 5e-06, -0, 1.55015e-09, -0.000116929, 7.4435e-10, 6.41025e-05, 7.61172e-10, 3.09765e-05, -8.87823e-11, 2.02247, 0, 1.41672, 0, -0.028984, 0, -0.079696, 0, 2.41761, 0, -1.23642, -0, -0.219546, -0, 1.41672, 0, 1.67016, 0, -0.177021, 0, -0.069282, 0, -1.23642, 0, 1.52991, 0, 0.34775, 0, -0.028984, -0, -0.177021, 0, 0.437556, 0, 0.020706, 0, -0.219546, 0, 0.34775, 0, 0.236828, 0, -0.079696, -0, -0.069282, 0, 0.020706, 0, 0.08
0.05, 2025-05-06__21-51-12.566284, 0, -0.436332, -0, -2.3562, 0, 1.8326, -0, 0, -2e-06, -0, -3e-06, 0, 6e-06, -0, 1.55015e-09, -0.000107516, 7.4435e-10, 5.65807e-05, 7.61172e-10, 2.48567e-05, -8.87823e-11, 2.02247, 0, 1.41672, 0, -0.028984, 0, -0.079696, 0, 2.41761, 0, -1.23642, -0, -0.219546, -0, 1.41672, 0, 1.67016, 0, -0.177021, 0, -0.069282, 0, -1.23642, 0, 1.52991, 0, 0.34775, 0, -0.028984, -0, -0.177021, 0, 0.437556, 0, 0.020706, 0, -0.219546, 0, 0.34775, 0, 0.236828, 0, -0.079696, -0, -0.069282, 0, 0.020706, 0, 0.08
0.06, 2025-05-06__21-51-12.575665, 0, -0.436332, -0, -2.3562, 0, 1.8326, -0, 0, -3e-06, -0, -3e-06, 0, 7e-06, -0, 1.55015e-09, -4.47292e-05, 7.4435e-10, 2.37636e-05, 7.61172e-10, 1.29627e-05, -8.87823e-11, 2.02247, 0, 1.41672, 0, -0.028984, 0, -0.079696, 0, 2.41761, 0, -1.23642, -0, -0.219546, -0, 1.41672, 0, 1.67016, 0, -0.177021, 0, -0.069282, 0, -1.23642, 0, 1.52991, 0, 0.34775, 0, -0.028984, -0, -0.177021, 0, 0.437556, 0, 0.020706, 0, -0.219546, 0, 0.34775, 0, 0.236828, 0, -0.079696, -0, -0.069282, 0, 0.020706, 0, 0.08
0.07, 2025-05-06__21-51-12.585598, 0, -0.436332, -0, -2.3562, 0, 1.8326, -0, 0, -3e-06, -0, -3e-06, 0, 7e-06, -0, 1.55015e-09, -4.47292e-05, 7.4435e-10, 2.37636e-05, 7.61172e-10, 1.29627e-05, -8.87823e-11, 2.02247, 0, 1.41672, 0, -0.028984, 0, -0.079696, 0, 2.41761, 0, -1.23642, -0, -0.219546, -0, 1.41672, 0, 1.67016, 0, -0.177021, 0, -0.069282, 0, -1.23642, 0, 1.52991, 0, 0.34775, 0, -0.028984, -0, -0.177021, 0, 0.437556, 0, 0.020706, 0, -0.219546, 0, 0.34775, 0, 0.236828, 0, -0.079696, -0, -0.069282, 0, 0.020706, 0, 0.08
0.08, 2025-05-06__21-51-12.594666, 0, -0.436332, -0, -2.3562, 0, 1.8326, -0, 0, -3e-06, -0, -4e-06, 0, 8e-06, -0, 1.55015e-09, -6.50668e-05, 7.4435e-10, 4.74069e-05, 7.61172e-10, 1.51811e-05, -8.87823e-11, 2.02247, 0, 1.41672, 0, -0.028984, 0, -0.079696, 0, 2.41761, 0, -1.23642, -0, -0.219546, -0, 1.41672, 0, 1.67016, 0, -0.177021, 0, -0.069282, 0, -1.23642, 0, 1.52991, 0, 0.34775, 0, -0.028984, -0, -0.177021, 0, 0.437556, 0, 0.020706, 0, -0.219546, 0, 0.34775, 0, 0.236828, 0, -0.079696, -0, -0.069282, 0, 0.020706, 0, 0.08
0.09, 2025-05-06__21-51-12.604619, 0, -0.436332, -0, -2.3562, 0, 1.8326, -0, 0, -3e-06, -0, -4e-06, 0, 8e-06, -0, 1.55015e-09, -3.53166e-05, 7.4435e-10, 1.62417e-05, 7.61172e-10, 6.84283e-06, -8.87823e-11, 2.02247, 0, 1.41672, 0, -0.028984, 0, -0.079696, 0, 2.41761, 0, -1.23642, -0, -0.219546, -0, 1.41672, 0, 1.67016, 0, -0.177021, 0, -0.069282, 0, -1.23642, 0, 1.52991, 0, 0.34775, 0, -0.028984, -0, -0.177021, 0, 0.437556, 0, 0.020706, 0, -0.219546, 0, 0.34775, 0, 0.236828, 0, -0.079696, -0, -0.069282, 0, 0.020706, 0, 0.08
0.1, 2025-05-06__21-51-12.616079, 0, -0.436333, -0, -2.3562, 0, 1.8326, -0, 0, -3e-06, -0, -3e-06, 0, 8e-06, -0, 1.55015e-09, 0.000266948, 7.4435e-10, -0.00011423, 7.61172e-10, -3.17778e-05, -8.87822e-11, 2.02247, 0, 1.41672, 0, -0.028984, 0, -0.079696, 0, 2.41761, 0, -1.23642, -0, -0.219546, -0, 1.41672, 0, 1.67016, 0, -0.177021, 0, -0.069282, 0, -1.23642, 0, 1.52991, 0, 0.34775, 0, -0.028984, -0, -0.177021, 0, 0.437556, 0, 0.020706, 0, -0.219546, 0, 0.34775, 0, 0.236828, 0, -0.079696, -0, -0.069282, 0, 0.020706, 0, 0.08
0.11, 2025-05-06__21-51-12.625715, 0, -0.436333, -0, -2.3562, 0, 1.8326, -0, 0, -2e-06, -0, -3e-06, 0, 7e-06, -0, 1.55015e-09, 0.000204161, 7.4435e-10, -8.14128e-05, 7.61172e-10, -1.98838e-05, -8.87822e-11, 2.02247, 0, 1.41672, 0, -0.028984, 0, -0.079696, 0, 2.41761, 0, -1.23642, -0, -0.219546, -0, 1.41672, 0, 1.67016, 0, -0.177021, 0, -0.069282, 0, -1.23642, 0, 1.52991, 0, 0.34775, 0, -0.028984, -0, -0.177021, 0, 0.437556, 0, 0.020706, 0, -0.219546, 0, 0.34775, 0, 0.236828, 0, -0.079696, -0, -0.069282, 0, 0.020706, 0, 0.08
0.12, 2025-05-06__21-51-12.634645, 0, -0.436333, -0, -2.3562, 0, 1.8326, -0, 0, -1e-06, -0, -3e-06, 0, 7e-06, -0, 1.55015e-09, 0.000150787, 7.4435e-10, -5.61175e-05, 7.61172e-10, -1.41096e-05, -8.87822e-11, 2.02247, 0, 1.41672, 0, -0.028984, 0, -0.079696, 0, 2.41761, 0, -1.23642, -0, -0.219546, -0, 1.41672, 0, 1.67016, 0, -0.177021, 0, -0.069282, 0, -1.23642, 0, 1.52991, 0, 0.34775, 0, -0.028984, -0, -0.177021, 0, 0.437556, 0, 0.020706, 0, -0.219546, 0, 0.34775, 0, 0.236828, 0, -0.079696, -0, -0.069282, 0, 0.020706, 0, 0.08
0.13, 2025-05-06__21-51-12.644937, 0, -0.436333, -0, -2.3562, 0, 1.8326, -0, 0, -0, -0, -2e-06, 0, 7e-06, -0, 1.55015e-09, 0.000127163, 7.4435e-10, -6.19874e-05, 7.61172e-10, -1.66736e-05, -8.87822e-11, 2.02247, 0, 1.41672, 0, -0.028984, 0, -0.079696, 0, 2.41761, 0, -1.23642, -0, -0.219546, -0, 1.41672, 0, 1.67016, 0, -0.177021, 0, -0.069282, 0, -1.23642, 0, 1.52991, 0, 0.34775, 0, -0.028984, -0, -0.177021, 0, 0.437556, 0, 0.020706, 0, -0.219546, 0, 0.34775, 0, 0.236828, 0, -0.079696, -0, -0.069282, 0, 0.020706, 0, 0.08
0.14, 2025-05-06__21-51-12.654579, 0, -0.436333, -0, -2.3562, 0, 1.8326, -0, 0, 0, -0, -2e-06, 0, 6e-06, -0, 1.55015e-09, 0.000117751, 7.4435e-10, -5.44656e-05, 7.61172e-10, -1.05538e-05, -8.87822e-11, 2.02247, 0, 1.41672, 0, -0.028984, 0, -0.079696, 0, 2.41761, 0, -1.23642, -0, -0.219546, -0, 1.41672, 0, 1.67016, 0, -0.177021, 0, -0.069282, 0, -1.23642, 0, 1.52991, 0, 0.34775, 0, -0.028984, -0, -0.177021, 0, 0.437556, 0, 0.020706, 0, -0.219546, 0, 0.34775, 0, 0.236828, 0, -0.079696, -0, -0.069282, 0, 0.020706, 0, 0.08
0.15, 2025-05-06__21-51-12.665762, 0, -0.436333, -0, -2.3562, 0, 1.8326, -0, 0, 1e-06, -0, -2e-06, 0, 5e-06, -0, 1.55015e-09, 0.000137422, 7.4435e-10, -6.32527e-05, 7.61172e-10, -3.90086e-05, -8.87823e-11, 2.02247, 0, 1.41672, 0, -0.028984, 0, -0.079696, 0, 2.41761, 0, -1.23642, -0, -0.219546, -0, 1.41672, 0, 1.67016, 0, -0.177021, 0, -0.069282, 0, -1.23642, 0, 1.52991, 0, 0.34775, 0, -0.028984, -0, -0.177021, 0, 0.437556, 0, 0.020706, 0, -0.219546, 0, 0.34775, 0, 0.236828, 0, -0.079696, -0, -0.069282, 0, 0.020706, 0, 0.08
0.16, 2025-05-06__21-51-12.673813, 0, -0.436333, -0, -2.3562, 0, 1.8326, -0, 0, 1e-06, -0, -1e-06, 0, 4e-06, -0, 1.55015e-09, 0.000157759, 7.4435e-10, -8.6896e-05, 7.61172e-10, -4.1227e-05, -8.87823e-11, 2.02247, 0, 1.41672, 0, -0.028984, 0, -0.079696, 0, 2.41761, 0, -1.23642, -0, -0.219546, -0, 1.41672, 0, 1.67016, 0, -0.177021, 0, -0.069282, 0, -1.23642, 0, 1.52991, 0, 0.34775, 0, -0.028984, -0, -0.177021, 0, 0.437556, 0, 0.020706, 0, -0.219546, 0, 0.34775, 0, 0.236828, 0, -0.079696, -0, -0.069282, 0, 0.020706, 0, 0.08
0.17, 2025-05-06__21-51-12.686233, 0, -0.436333, -0, -2.3562, 0, 1.8326, -0, 0, 2e-06, -0, -1e-06, 0, 2e-06, -0, 1.55015e-09, 8.55599e-05, 7.4435e-10, -4.65571e-05, 7.61172e-10, -2.32132e-05, -8.87823e-11, 2.02247, 0, 1.41672, 0, -0.028984, 0, -0.079696, 0, 2.41761, 0, -1.23642, -0, -0.219546, -0, 1.41672, 0, 1.67016, 0, -0.177021, 0, -0.069282, 0, -1.23642, 0, 1.52991, 0, 0.34775, 0, -0.028984, -0, -0.177021, 0, 0.437556, 0, 0.020706, 0, -0.219546, 0, 0.34775, 0, 0.236828, 0, -0.079696, -0, -0.069282, 0, 0.020706, 0, 0.08
0.18, 2025-05-06__21-51-12.695663, 0, -0.436333, -0, -2.3562, 0, 1.8326, -0, 0, 2e-06, -0, -1e-06, 0, 1e-06, -0, 1.55015e-09, 7.61473e-05, 7.4435e-10, -3.90352e-05, 7.61172e-10, -1.70933e-05, -8.87823e-11, 2.02247, 0, 1.41672, 0, -0.028984, 0, -0.079696, 0, 2.41761, 0, -1.23642, -0, -0.219546, -0, 1.41672, 0, 1.67016, 0, -0.177021, 0, -0.069282, 0, -1.23642, 0, 1.52991, 0, 0.34775, 0, -0.028984, -0, -0.177021, 0, 0.437556, 0, 0.020706, 0, -0.219546, 0, 0.34775, 0, 0.236828, 0, -0.079696, -0, -0.069282, 0, 0.020706, 0, 0.08
0.19, 2025-05-06__21-51-12.704930, 0, -0.436332, -0, -2.3562, 0, 1.8326, -0, 0, 2e-06, -0, -1e-06, 0, 1e-06, -0, 1.55015e-09, -0.000226117, 7.4435e-10, 9.14364e-05, 7.61172e-10, 2.15273e-05, -8.87823e-11, 2.02247, 0, 1.41672, 0, -0.028984, 0, -0.079696, 0, 2.41761, 0, -1.23642, -0, -0.219546, -0, 1.41672, 0, 1.67016, 0, -0.177021, 0, -0.069282, 0, -1.23642, 0, 1.52991, 0, 0.34775, 0, -0.028984, -0, -0.177021, 0, 0.437556, 0, 0.020706, 0, -0.219546, 0, 0.34775, 0, 0.236828, 0, -0.079696, -0, -0.069282, 0, 0.020706, 0, 0.08
0.2, 2025-05-06__21-51-12.714712, 0, -0.436332, -0, -2.3562, 0, 1.8326, -0, 0, 1e-06, -0, -1e-06, 0, 1e-06, -0, 1.55015e-09, -0.000172743, 7.4435e-10, 6.61411e-05, 7.61172e-10, 1.57531e-05, -8.87823e-11, 2.02247, 0, 1.41672, 0, -0.028984, 0, -0.079696, 0, 2.41761, 0, -1.23642, -0, -0.219546, -0, 1.41672, 0, 1.67016, 0, -0.177021, 0, -0.069282, 0, -1.23642, 0, 1.52991, 0, 0.34775, 0, -0.028984, -0, -0.177021, 0, 0.437556, 0, 0.020706, 0, -0.219546, 0, 0.34775, 0, 0.236828, 0, -0.079696, -0, -0.069282, 0, 0.020706, 0, 0.08
0.21, 2025-05-06__21-51-12.723975, 0, -0.436332, -0, -2.3562, 0, 1.8326, -0, 0, 0, -0, -2e-06, 0, 2e-06, -0, 1.55015e-09, -0.000139706, 7.4435e-10, 6.44891e-05, 7.61172e-10, 1.21974e-05, -8.87823e-11, 2.02247, 0, 1.41672, 0, -0.028984, 0, -0.079696, 0, 2.41761, 0, -1.23642, -0, -0.219546, -0, 1.41672, 0, 1.67016, 0, -0.177021, 0, -0.069282, 0, -1.23642, 0, 1.52991, 0, 0.34775, 0, -0.028984, -0, -0.177021, 0, 0.437556, 0, 0.020706, 0, -0.219546, 0, 0.34775, 0, 0.236828, 0, -0.079696, -0, -0.069282, 0, 0.020706, 0, 0.08
0.22, 2025-05-06__21-51-12.733933, 0, -0.436332, -0, -2.3562, 0, 1.8326, -0, 0, -0, -0, -2e-06, 0, 2e-06, -0, 1.55015e-09, -0.000139706, 7.4435e-10, 6.44891e-05, 7.61172e-10, 1.21974e-05, -8.87823e-11, 2.02247, 0, 1.41672, 0, -0.028984, 0, -0.079696, 0, 2.41761, 0, -1.23642, -0, -0.219546, -0, 1.41672, 0, 1.67016, 0, -0.177021, 0, -0.069282, 0, -1.23642, 0, 1.52991, 0, 0.34775, 0, -0.028984, -0, -0.177021, 0, 0.437556, 0, 0.020706, 0, -0.219546, 0, 0.34775, 0, 0.236828, 0, -0.079696, -0, -0.069282, 0, 0.020706, 0, 0.08
0.23, 2025-05-06__21-51-12.744656, 0, -0.436332, -0, -2.3562, 0, 1.8326, -0, 0, -1e-06, -0, -2e-06, 0, 2e-06, -0, 1.55015e-09, -8.63324e-05, 7.4435e-10, 3.91938e-05, 7.61172e-10, 6.42316e-06, -8.87823e-11, 2.02247, 0, 1.41672, 0, -0.028984, 0, -0.079696, 0, 2.41761, 0, -1.23642, -0, -0.219546, -0, 1.41672, 0, 1.67016, 0, -0.177021, 0, -0.069282, 0, -1.23642, 0, 1.52991, 0, 0.34775, 0, -0.028984, -0, -0.177021, 0, 0.437556, 0, 0.020706, 0, -0.219546, 0, 0.34775, 0, 0.236828, 0, -0.079696, -0, -0.069282, 0, 0.020706, 0, 0.08
0.24, 2025-05-06__21-51-12.754673, 0, -0.436332, -0, -2.3562, 0, 1.8326, -0, 0, -1e-06, -0, -2e-06, 0, 2e-06, -0, 1.55015e-09, -8.63324e-05, 7.4435e-10, 3.91938e-05, 7.61172e-10, 6.42316e-06, -8.87823e-11, 2.02247, 0, 1.41672, 0, -0.028984, 0, -0.079696, 0, 2.41761, 0, -1.23642, -0, -0.219546, -0, 1.41672, 0, 1.67016, 0, -0.177021, 0, -0.069282, 0, -1.23642, 0, 1.52991, 0, 0.34775, 0, -0.028984, -0, -0.177021, 0, 0.437556, 0, 0.020706, 0, -0.219546, 0, 0.34775, 0, 0.236828, 0, -0.079696, -0, -0.069282, 0, 0.020706, 0, 0.08
0.25, 2025-05-06__21-51-12.766064, 0, -0.436332, -0, -2.3562, 0, 1.8326, -0, 0, -2e-06, -0, -2e-06, 0, 2e-06, -0, 1.55015e-09, -3.29585e-05, 7.4435e-10, 1.38985e-05, 7.61172e-10, 6.48956e-07, -8.87823e-11, 2.02247, 0, 1.41672, 0, -0.028984, 0, -0.079696, 0, 2.41761, 0, -1.23642, -0, -0.219546, -0, 1.41672, 0, 1.67016, 0, -0.177021, 0, -0.069282, 0, -1.23642, 0, 1.52991, 0, 0.34775, 0, -0.028984, -0, -0.177021, 0, 0.437556, 0, 0.020706, 0, -0.219546, 0, 0.34775, 0, 0.236828, 0, -0.079696, -0, -0.069282, 0, 0.020706, 0, 0.08
0.26, 2025-05-06__21-51-12.775734, 0, -0.436333, -0, -2.3562, 0, 1.8326, -0, 0, -2e-06, -0, -2e-06, 0, 2e-06, -0, 1.55015e-09, 0.000269305, 7.4435e-10, -0.000116573, 7.61172e-10, -3.79717e-05, -8.87823e-11, 2.02247, 0, 1.41672, 0, -0.028984, 0, -0.079696, 0, 2.41761, 0, -1.23642, -0, -0.219546, -0, 1.41672, 0, 1.67016, 0, -0.177021, 0, -0.069282, 0, -1.23642, 0, 1.52991, 0, 0.34775, 0, -0.028984, -0, -0.177021, 0, 0.437556, 0, 0.020706, 0, -0.219546, 0, 0.34775, 0, 0.236828, 0, -0.079696, -0, -0.069282, 0, 0.020706, 0, 0.08
0.27, 2025-05-06__21-51-12.785803, 0, -0.436333, -0, -2.3562, 0, 1.8326, -0, 0, -1e-06, -0, -1e-06, 0, 1e-06, -0, 1.55015e-09, 0.000236269, 7.4435e-10, -0.000114921, 7.61172e-10, -3.44159e-05, -8.87823e-11, 2.02247, 0, 1.41672, 0, -0.028984, 0, -0.079696, 0, 2.41761, 0, -1.23642, -0, -0.219546, -0, 1.41672, 0, 1.67016, 0, -0.177021, 0, -0.069282, 0, -1.23642, 0, 1.52991, 0, 0.34775, 0, -0.028984, -0, -0.177021, 0, 0.437556, 0, 0.020706, 0, -0.219546, 0, 0.34775, 0, 0.236828, 0, -0.079696, -0, -0.069282, 0, 0.020706, 0, 0.08
0.28, 2025-05-06__21-51-12.793933, 0, -0.436333, -0, -2.3562, 0, 1.8326, -0, 0, 0, -0, -1e-06, 0, 0, -0, 1.55015e-09, 0.000173482, 7.4435e-10, -8.2104e-05, 7.61172e-10, -2.25219e-05, -8.87823e-11, 2.02247, 0, 1.41672, 0, -0.028984, 0, -0.079696, 0, 2.41761, 0, -1.23642, -0, -0.219546, -0, 1.41672, 0, 1.67016, 0, -0.177021, 0, -0.069282, 0, -1.23642, 0, 1.52991, 0, 0.34775, 0, -0.028984, -0, -0.177021, 0, 0.437556, 0, 0.020706, 0, -0.219546, 0, 0.34775, 0, 0.236828, 0, -0.079696, -0, -0.069282, 0, 0.020706, 0, 0.08
0.29, 2025-05-06__21-51-12.804734, 0, -0.436333, -0, -2.3562, 0, 1.8326, -0, 0, 1e-06, -0, -1e-06, 0, -1e-06, -0, 1.55015e-09, 0.000110696, 7.4435e-10, -4.92869e-05, 7.61172e-10, -1.06278e-05, -8.87823e-11, 2.02247, 0, 1.41672, 0, -0.028984, 0, -0.079696, 0, 2.41761, 0, -1.23642, -0, -0.219546, -0, 1.41672, 0, 1.67016, 0, -0.177021, 0, -0.069282, 0, -1.23642, 0, 1.52991, 0, 0.34775, 0, -0.028984, -0, -0.177021, 0, 0.437556, 0, 0.020706, 0, -0.219546, 0, 0.34775, 0, 0.236828, 0, -0.079696, -0, -0.069282, 0, 0.020706, 0, 0.08
0.3, 2025-05-06__21-51-12.814654, 0, -0.436333, -0, -2.3562, 0, 1.8326, -0, 0, 1e-06, -0, -1e-06, 0, -1e-06, -0, 1.55015e-09, 0.000110696, 7.4435e-10, -4.92869e-05, 7.61172e-10, -1.06278e-05, -8.87823e-11, 2.02247, 0, 1.41672, 0, -0.028984, 0, -0.079696, 0, 2.41761, 0, -1.23642, -0, -0.219546, -0, 1.41672, 0, 1.67016, 0, -0.177021, 0, -0.069282, 0, -1.23642, 0, 1.52991, 0, 0.34775, 0, -0.028984, -0, -0.177021, 0, 0.437556, 0, 0.020706, 0, -0.219546, 0, 0.34775, 0, 0.236828, 0, -0.079696, -0, -0.069282, 0, 0.020706, 0, 0.08
0.31, 2025-05-06__21-51-12.824668, 0, -0.436332, -0, -2.3562, 0, 1.8326, -0, 0, 1e-06, -0, -1e-06, 0, -0, -0, 1.55015e-09, -0.000182155, 7.4435e-10, 7.36629e-05, 7.61172e-10, 2.1873e-05, -8.87823e-11, 2.02247, 0, 1.41672, 0, -0.028984, 0, -0.079696, 0, 2.41761, 0, -1.23642, -0, -0.219546, -0, 1.41672, 0, 1.67016, 0, -0.177021, 0, -0.069282, 0, -1.23642, 0, 1.52991, 0, 0.34775, 0, -0.028984, -0, -0.177021, 0, 0.437556, 0, 0.020706, 0, -0.219546, 0, 0.34775, 0, 0.236828, 0, -0.079696, -0, -0.069282, 0, 0.020706, 0, 0.08
0.32, 2025-05-06__21-51-12.834760, 0, -0.436332, -0, -2.3562, 0, 1.8326, -0, 0, 0, -0, -1e-06, 0, 0, -0, 1.55015e-09, -0.000128782, 7.4435e-10, 4.83676e-05, 7.61172e-10, 1.60988e-05, -8.87823e-11, 2.02247, 0, 1.41672, 0, -0.028984, 0, -0.079696, 0, 2.41761, 0, -1.23642, -0, -0.219546, -0, 1.41672, 0, 1.67016, 0, -0.177021, 0, -0.069282, 0, -1.23642, 0, 1.52991, 0, 0.34775, 0, -0.028984, -0, -0.177021, 0, 0.437556, 0, 0.020706, 0, -0.219546, 0, 0.34775, 0, 0.236828, 0, -0.079696, -0, -0.069282, 0, 0.020706, 0, 0.08
0.33, 2025-05-06__21-51-12.845931, 0, -0.436332, -0, -2.3562, 0, 1.8326, -0, 0, -1e-06, -0, -2e-06, 0, 1e-06, -0, 1.55014e-09, -9.57451e-05, 7.4435e-10, 4.67156e-05, 7.61171e-10, 1.2543e-05, -8.87823e-11, 2.02247, 0, 1.41672, 0, -0.028985, 0, -0.079696, 0, 2.41761, 0, -1.23642, -0, -0.219546, -0, 1.41672, 0, 1.67016, 0, -0.177021, 0, -0.069282, 0, -1.23642, 0, 1.52991, 0, 0.34775, 0, -0.028985, -0, -0.177021, 0, 0.437556, 0, 0.020706, 0, -0.219546, 0, 0.34775, 0, 0.236828, 0, -0.079696, -0, -0.069282, 0, 0.020706, 0, 0.08
0.34, 2025-05-06__21-51-12.854805, 0, -0.436332, -0, -2.3562, 0, 1.8326, -0, 0, -1e-06, -0, -2e-06, 0, 1e-06, -0, 1.55014e-09, -9.57451e-05, 7.4435e-10, 4.67156e-05, 7.61171e-10, 1.2543e-05, -8.87823e-11, 2.02247, 0, 1.41672, 0, -0.028985, 0, -0.079696, 0, 2.41761, 0, -1.23642, -0, -0.219546, -0, 1.41672, 0, 1.67016, 0, -0.177021, 0, -0.069282, 0, -1.23642, 0, 1.52991, 0, 0.34775, 0, -0.028985, -0, -0.177021, 0, 0.437556, 0, 0.020706, 0, -0.219546, 0, 0.34775, 0, 0.236828, 0, -0.079696, -0, -0.069282, 0, 0.020706, 0, 0.08
0.35, 2025-05-06__21-51-12.864703, 0, -0.436333, -0, -2.3562, 0, 1.8326, -0, 0, -1e-06, -0, -2e-06, 0, 1e-06, -0, 1.55015e-09, 0.000206519, 7.4435e-10, -8.37559e-05, 7.61171e-10, -2.60776e-05, -8.87823e-11, 2.02247, 0, 1.41672, 0, -0.028985, 0, -0.079696, 0, 2.41761, 0, -1.23642, -0, -0.219546, -0, 1.41672, 0, 1.67016, 0, -0.177021, 0, -0.069282, 0, -1.23642, 0, 1.52991, 0, 0.34775, 0, -0.028985, -0, -0.177021, 0, 0.437556, 0, 0.020706, 0, -0.219546, 0, 0.34775, 0, 0.236828, 0, -0.079696, -0, -0.069282, 0, 0.020706, 0, 0.08
0.36, 2025-05-06__21-51-12.876068, 0, -0.436333, -0, -2.3562, 0, 1.8326, -0, 0, -0, -0, -1e-06, 0, 1e-06, -0, 1.55015e-09, 0.000182895, 7.4435e-10, -8.96258e-05, 7.61171e-10, -2.86417e-05, -8.87822e-11, 2.02247, 0, 1.41672, 0, -0.028985, 0, -0.079696, 0, 2.41761, 0, -1.23642, -0, -0.219546, -0, 1.41672, 0, 1.67016, 0, -0.177021, 0, -0.069282, 0, -1.23642, 0, 1.52991, 0, 0.34775, 0, -0.028985, -0, -0.177021, 0, 0.437556, 0, 0.020706, 0, -0.219546, 0, 0.34775, 0, 0.236828, 0, -0.079696, -0, -0.069282, 0, 0.020706, 0, 0.08
0.37, 2025-05-06__21-51-12.885730, 0, -0.436333, -0, -2.3562, 0, 1.8326, -0, 0, 1e-06, -0, -1e-06, 0, -0, -0, 1.55015e-09, 0.000173482, 7.4435e-10, -8.21039e-05, 7.61171e-10, -2.25219e-05, -8.87823e-11, 2.02247, 0, 1.41672, 0, -0.028985, 0, -0.079696, 0, 2.41761, 0, -1.23642, -0, -0.219546, -0, 1.41672, 0, 1.67016, 0, -0.177021, 0, -0.069282, 0, -1.23642, 0, 1.52991, 0, 0.34775, 0, -0.028985, -0, -0.177021, 0, 0.437556, 0, 0.020706, 0, -0.219546, 0, 0.34775, 0, 0.236828, 0, -0.079696, -0, -0.069282, 0, 0.020706, 0, 0.08
0.38, 2025-05-06__21-51-12.895803, 0, -0.436333, -0, -2.3562, 0, 1.8326, -0, 0, 1e-06, -0, -1e-06, 0, -1e-06, -0, 1.55015e-09, 0.000110696, 7.4435e-10, -4.92868e-05, 7.61171e-10, -1.06278e-05, -8.87823e-11, 2.02247, 0, 1.41672, 0, -0.028985, 0, -0.079696, 0, 2.41761, 0, -1.23642, -0, -0.219546, -0, 1.41672, 0, 1.67016, 0, -0.177021, 0, -0.069282, 0, -1.23642, 0, 1.52991, 0, 0.34775, 0, -0.028985, -0, -0.177021, 0, 0.437556, 0, 0.020706, 0, -0.219546, 0, 0.34775, 0, 0.236828, 0, -0.079696, -0, -0.069282, 0, 0.020706, 0, 0.08
0.39, 2025-05-06__21-51-12.904719, 0, -0.436332, -0, -2.3562, 0, 1.8326, -0, 0, 1e-06, -0, -1e-06, 0, -1e-06, -0, 1.55015e-09, -0.000191568, 7.4435e-10, 8.11847e-05, 7.61171e-10, 2.79928e-05, -8.87823e-11, 2.02247, 0, 1.41672, 0, -0.028985, 0, -0.079696, 0, 2.41761, 0, -1.23642, -0, -0.219546, -0, 1.41672, 0, 1.67016, 0, -0.177021, 0, -0.069282, 0, -1.23642, 0, 1.52991, 0, 0.34775, 0, -0.028985, -0, -0.177021, 0, 0.437556, 0, 0.020706, 0, -0.219546, 0, 0.34775, 0, 0.236828, 0, -0.079696, -0, -0.069282, 0, 0.020706, 0, 0.08
0.4, 2025-05-06__21-51-12.914964, 0, -0.436332, -0, -2.3562, 0, 1.8326, -0, 0, 0, -0, -1e-06, 0, 0, -0, 1.55015e-09, -0.000128781, 7.4435e-10, 4.83676e-05, 7.61171e-10, 1.60988e-05, -8.87823e-11, 2.02247, 0, 1.41672, 0, -0.028985, 0, -0.079696, 0, 2.41761, 0, -1.23642, -0, -0.219546, -0, 1.41672, 0, 1.67016, 0, -0.177021, 0, -0.069282, 0, -1.23642, 0, 1.52991, 0, 0.34775, 0, -0.028985, -0, -0.177021, 0, 0.437556, 0, 0.020706, 0, -0.219546, 0, 0.34775, 0, 0.236828, 0, -0.079696, -0, -0.069282, 0, 0.020706, 0, 0.08
0.41, 2025-05-06__21-51-12.925056, 0, -0.436332, -0, -2.3562, 0, 1.8326, -0, 0, -0, -0, -2e-06, 0, 1e-06, -0, 1.55015e-09, -0.000149119, 7.4435e-10, 7.20109e-05, 7.61171e-10, 1.83172e-05, -8.87823e-11, 2.02247, 0, 1.41672, 0, -0.028985, 0, -0.079696, 0, 2.41761, 0, -1.23642, -0, -0.219546, -0, 1.41672, 0, 1.67016, 0, -0.177021, 0, -0.069282, 0, -1.23642, 0, 1.52991, 0, 0.34775, 0, -0.028985, -0, -0.177021, 0, 0.437556, 0, 0.020706, 0, -0.219546, 0, 0.34775, 0, 0.236828, 0, -0.079696, -0, -0.069282, 0, 0.020706, 0, 0.08
0.42, 2025-05-06__21-51-12.933933, 0, -0.436332, -0, -2.3562, 0, 1.8326, -0, 0, -1e-06, -0, -2e-06, 0, 1e-06, -0, 1.55014e-09, -9.57451e-05, 7.4435e-10, 4.67156e-05, 7.61171e-10, 1.2543e-05, -8.87823e-11, 2.02247, 0, 1.41672, 0, -0.028985, 0, -0.079696, 0, 2.41761, 0, -1.23642, -0, -0.219546, -0, 1.41672, 0, 1.67016, 0, -0.177021, 0, -0.069282, 0, -1.23642, 0, 1.52991, 0, 0.34775, 0, -0.028985, -0, -0.177021, 0, 0.437556, 0, 0.020706, 0, -0.219546, 0, 0.34775, 0, 0.236828, 0, -0.079696, -0, -0.069282, 0, 0.020706, 0, 0.08
0.43, 2025-05-06__21-51-12.944696, 0, -0.436332, -0, -2.3562, 0, 1.8326, -0, 0, -1e-06, -0, -2e-06, 0, 1e-06, -0, 1.55014e-09, -9.57451e-05, 7.4435e-10, 4.67156e-05, 7.61171e-10, 1.2543e-05, -8.87823e-11, 2.02247, 0, 1.41672, 0, -0.028985, 0, -0.079696, 0, 2.41761, 0, -1.23642, -0, -0.219546, -0, 1.41672, 0, 1.67016, 0, -0.177021, 0, -0.069282, 0, -1.23642, 0, 1.52991, 0, 0.34775, 0, -0.028985, -0, -0.177021, 0, 0.437556, 0, 0.020706, 0, -0.219546, 0, 0.34775, 0, 0.236828, 0, -0.079696, -0, -0.069282, 0, 0.020706, 0, 0.08
0.44, 2025-05-06__21-51-12.955935, 0, -0.436333, -0, -2.3562, 0, 1.8326, -0, 0, -1e-06, -0, -2e-06, 0, 1e-06, -0, 1.55015e-09, 0.000206519, 7.4435e-10, -8.37559e-05, 7.61171e-10, -2.60776e-05, -8.87823e-11, 2.02247, 0, 1.41672, 0, -0.028985, 0, -0.079696, 0, 2.41761, 0, -1.23642, -0, -0.219546, -0, 1.41672, 0, 1.67016, 0, -0.177021, 0, -0.069282, 0, -1.23642, 0, 1.52991, 0, 0.34775, 0, -0.028985, -0, -0.177021, 0, 0.437556, 0, 0.020706, 0, -0.219546, 0, 0.34775, 0, 0.236828, 0, -0.079696, -0, -0.069282, 0, 0.020706, 0, 0.08
0.45, 2025-05-06__21-51-12.963931, 0, -0.436333, -0, -2.3562, 0, 1.8326, -0, 0, -0, -0, -1e-06, 0, 0, -0, 1.55015e-09, 0.000173482, 7.4435e-10, -8.21039e-05, 7.61171e-10, -2.25219e-05, -8.87823e-11, 2.02247, 0, 1.41672, 0, -0.028985, 0, -0.079696, 0, 2.41761, 0, -1.23642, -0, -0.219546, -0, 1.41672, 0, 1.67016, 0, -0.177021, 0, -0.069282, 0, -1.23642, 0, 1.52991, 0, 0.34775, 0, -0.028985, -0, -0.177021, 0, 0.437556, 0, 0.020706, 0, -0.219546, 0, 0.34775, 0, 0.236828, 0, -0.079696, -0, -0.069282, 0, 0.020706, 0, 0.08
0.46, 2025-05-06__21-51-12.975932, 0, -0.436333, -0, -2.3562, 0, 1.8326, -0, 0, 1e-06, -0, -1e-06, 0, -0, -0, 1.55015e-09, 0.000120108, 7.4435e-10, -5.68086e-05, 7.61171e-10, -1.67477e-05, -8.87822e-11, 2.02247, 0, 1.41672, 0, -0.028985, 0, -0.079696, 0, 2.41761, 0, -1.23642, -0, -0.219546, -0, 1.41672, 0, 1.67016, 0, -0.177021, 0, -0.069282, 0, -1.23642, 0, 1.52991, 0, 0.34775, 0, -0.028985, -0, -0.177021, 0, 0.437556, 0, 0.020706, 0, -0.219546, 0, 0.34775, 0, 0.236828, 0, -0.079696, -0, -0.069282, 0, 0.020706, 0, 0.08
0.47, 2025-05-06__21-51-12.983932, 0, -0.436333, -0, -2.3562, 0, 1.8326, -0, 0, 1e-06, -0, -1e-06, 0, -1e-06, -0, 1.55015e-09, 0.000110696, 7.4435e-10, -4.92868e-05, 7.61171e-10, -1.06278e-05, -8.87823e-11, 2.02247, 0, 1.41672, 0, -0.028985, 0, -0.079696, 0, 2.41761, 0, -1.23642, -0, -0.219546, -0, 1.41672, 0, 1.67016, 0, -0.177021, 0, -0.069282, 0, -1.23642, 0, 1.52991, 0, 0.34775, 0, -0.028985, -0, -0.177021, 0, 0.437556, 0, 0.020706, 0, -0.219546, 0, 0.34775, 0, 0.236828, 0, -0.079696, -0, -0.069282, 0, 0.020706, 0, 0.08
0.48, 2025-05-06__21-51-12.995660, 0, -0.436332, -0, -2.3562, 0, 1.8326, -0, 0, 1e-06, -0, -1e-06, 0, -0, -0, 1.55015e-09, -0.000182155, 7.4435e-10, 7.36628e-05, 7.61171e-10, 2.1873e-05, -8.87823e-11, 2.02247, 0, 1.41672, 0, -0.028985, 0, -0.079696, 0, 2.41761, 0, -1.23642, -0, -0.219546, -0, 1.41672, 0, 1.67016, 0, -0.177021, 0, -0.069282, 0, -1.23642, 0, 1.52991, 0, 0.34775, 0, -0.028985, -0, -0.177021, 0, 0.437556, 0, 0.020706, 0, -0.219546, 0, 0.34775, 0, 0.236828, 0, -0.079696, -0, -0.069282, 0, 0.020706, 0, 0.08
0.49, 2025-05-06__21-51-13.004694, 0, -0.436332, -0, -2.3562, 0, 1.8326, -0, 0, 0, -0, -2e-06, 0, 0, -0, 1.55015e-09, -0.000128781, 7.4435e-10, 4.83676e-05, 7.61171e-10, 1.60988e-05, -8.87823e-11, 2.02247, 0, 1.41672, 0, -0.028985, 0, -0.079696, 0, 2.41761, 0, -1.23642, -0, -0.219546, -0, 1.41672, 0, 1.67016, 0, -0.177021, 0, -0.069282, 0, -1.23642, 0, 1.52991, 0, 0.34775, 0, -0.028985, -0, -0.177021, 0, 0.437556, 0, 0.020706, 0, -0.219546, 0, 0.34775, 0, 0.236828, 0, -0.079696, -0, -0.069282, 0, 0.020706, 0, 0.08
0.5, 2025-05-06__21-51-13.014694, 0, -0.436332, -0, -2.3562, 0, 1.8326, -0, 0, -1e-06, -0, -2e-06, 0, 1e-06, -0, 1.55014e-09, -9.57451e-05, 7.4435e-10, 4.67156e-05, 7.61171e-10, 1.2543e-05, -8.87823e-11, 2.02247, 0, 1.41672, 0, -0.028985, 0, -0.079696, 0, 2.41761, 0, -1.23642, -0, -0.219546, -0, 1.41672, 0, 1.67016, 0, -0.177021, 0, -0.069282, 0, -1.23642, 0, 1.52991, 0, 0.34775, 0, -0.028985, -0, -0.177021, 0, 0.437556, 0, 0.020706, 0, -0.219546, 0, 0.34775, 0, 0.236828, 0, -0.079696, -0, -0.069282, 0, 0.020706, 0, 0.08
0.51, 2025-05-06__21-51-13.024825, 0, -0.436332, -0, -2.3562, 0, 1.8326, -0, 0, -1e-06, -0, -2e-06, 0, 1e-06, -0, 1.55014e-09, -9.57451e-05, 7.4435e-10, 4.67156e-05, 7.61171e-10, 1.2543e-05, -8.87823e-11, 2.02247, 0, 1.41672, 0, -0.028985, 0, -0.079696, 0, 2.41761, 0, -1.23642, -0, -0.219546, -0, 1.41672, 0, 1.67016, 0, -0.177021, 0, -0.069282, 0, -1.23642, 0, 1.52991, 0, 0.34775, 0, -0.028985, -0, -0.177021, 0, 0.437556, 0, 0.020706, 0, -0.219546, 0, 0.34775, 0, 0.236828, 0, -0.079696, -0, -0.069282, 0, 0.020706, 0, 0.08
0.52, 2025-05-06__21-51-13.035857, 0, -0.436333, -0, -2.3562, 0, 1.8326, -0, 0, -1e-06, -0, -2e-06, 0, 1e-06, -0, 1.55014e-09, 0.000206519, 7.4435e-10, -8.37559e-05, 7.61171e-10, -2.60776e-05, -8.87823e-11, 2.02247, 0, 1.41672, 0, -0.028985, 0, -0.079696, 0, 2.41761, 0, -1.23642, -0, -0.219546, -0, 1.41672, 0, 1.67016, 0, -0.177021, 0, -0.069282, 0, -1.23642, 0, 1.52991, 0, 0.34775, 0, -0.028985, -0, -0.177021, 0, 0.437556, 0, 0.020706, 0, -0.219546, 0, 0.34775, 0, 0.236828, 0, -0.079696, -0, -0.069282, 0, 0.020706, 0, 0.08
0.53, 2025-05-06__21-51-13.045682, 0, -0.436333, -0, -2.3562, 0, 1.8326, -0, 0, -0, -0, -1e-06, 0, 0, -0, 1.55014e-09, 0.000173482, 7.4435e-10, -8.21039e-05, 7.61171e-10, -2.25219e-05, -8.87823e-11, 2.02247, 0, 1.41672, 0, -0.028985, 0, -0.079696, 0, 2.41761, 0, -1.23642, -0, -0.219546, -0, 1.41672, 0, 1.67016, 0, -0.177021, 0, -0.069282, 0, -1.23642, 0, 1.52991, 0, 0.34775, 0, -0.028985, -0, -0.177021, 0, 0.437556, 0, 0.020706, 0, -0.219546, 0, 0.34775, 0, 0.236828, 0, -0.079696, -0, -0.069282, 0, 0.020706, 0, 0.08
0.54, 2025-05-06__21-51-13.054668, 0, -0.436333, -0, -2.3562, 0, 1.8326, -0, 0, 1e-06, -0, -1e-06, 0, -0, -0, 1.55014e-09, 0.000120108, 7.4435e-10, -5.68086e-05, 7.61171e-10, -1.67477e-05, -8.87823e-11, 2.02247, 0, 1.41672, 0, -0.028985, 0, -0.079696, 0, 2.41761, 0, -1.23642, -0, -0.219546, -0, 1.41672, 0, 1.67016, 0, -0.177021, 0, -0.069282, 0, -1.23642, 0, 1.52991, 0, 0.34775, 0, -0.028985, -0, -0.177021, 0, 0.437556, 0, 0.020706, 0, -0.219546, 0, 0.34775, 0, 0.236828, 0, -0.079696, -0, -0.069282, 0, 0.020706, 0, 0.08
0.55, 2025-05-06__21-51-13.064661, 0, -0.436333, -0, -2.3562, 0, 1.8326, -0, 0, 1e-06, -0, -1e-06, 0, -1e-06, -0, 1.55015e-09, 0.000110696, 7.4435e-10, -4.92868e-05, 7.61171e-10, -1.06278e-05, -8.87823e-11, 2.02247, 0, 1.41672, 0, -0.028985, 0, -0.079696, 0, 2.41761, 0, -1.23642, -0, -0.219546, -0, 1.41672, 0, 1.67016, 0, -0.177021, 0, -0.069282, 0, -1.23642, 0, 1.52991, 0, 0.34775, 0, -0.028985, -0, -0.177021, 0, 0.437556, 0, 0.020706, 0, -0.219546, 0, 0.34775, 0, 0.236828, 0, -0.079696, -0, -0.069282, 0, 0.020706, 0, 0.08
0.56, 2025-05-06__21-51-13.075931, 0, -0.436332, -0, -2.3562, 0, 1.8326, -0, 0, 1e-06, -0, -1e-06, 0, -1e-06, -0, 1.55014e-09, -0.000191568, 7.4435e-10, 8.11847e-05, 7.61171e-10, 2.79928e-05, -8.87823e-11, 2.02247, 0, 1.41672, 0, -0.028985, 0, -0.079696, 0, 2.41761, 0, -1.23642, -0, -0.219546, -0, 1.41672, 0, 1.67016, 0, -0.177021, 0, -0.069282, 0, -1.23642, 0, 1.52991, 0, 0.34775, 0, -0.028985, -0, -0.177021, 0, 0.437556, 0, 0.020706, 0, -0.219546, 0, 0.34775, 0, 0.236828, 0, -0.079696, -0, -0.069282, 0, 0.020706, 0, 0.08
0.57, 2025-05-06__21-51-13.084680, 0, -0.436332, -0, -2.3562, 0, 1.8326, -0, 0, 1e-06, -0, -1e-06, 0, 0, -0, 1.55014e-09, -0.000182155, 7.4435e-10, 7.36628e-05, 7.61171e-10, 2.1873e-05, -8.87823e-11, 2.02247, 0, 1.41672, 0, -0.028985, 0, -0.079696, 0, 2.41761, 0, -1.23642, -0, -0.219546, -0, 1.41672, 0, 1.67016, 0, -0.177021, 0, -0.069282, 0, -1.23642, 0, 1.52991, 0, 0.34775, 0, -0.028985, -0, -0.177021, 0, 0.437556, 0, 0.020706, 0, -0.219546, 0, 0.34775, 0, 0.236828, 0, -0.079696, -0, -0.069282, 0, 0.020706, 0, 0.08
0.58, 2025-05-06__21-51-13.094668, 0, -0.436332, -0, -2.3562, 0, 1.8326, -0, 0, -0, -0, -2e-06, 0, 1e-06, -0, 1.55014e-09, -0.000149119, 7.4435e-10, 7.20109e-05, 7.61171e-10, 1.83172e-05, -8.87823e-11, 2.02247, 0, 1.41672, 0, -0.028985, 0, -0.079696, 0, 2.41761, 0, -1.23642, -0, -0.219546, -0, 1.41672, 0, 1.67016, 0, -0.177021, 0, -0.069282, 0, -1.23642, 0, 1.52991, 0, 0.34775, 0, -0.028985, -0, -0.177021, 0, 0.437556, 0, 0.020706, 0, -0.219546, 0, 0.34775, 0, 0.236828, 0, -0.079696, -0, -0.069282, 0, 0.020706, 0, 0.08
0.59, 2025-05-06__21-51-13.106016, 0, -0.436332, -0, -2.3562, 0, 1.8326, -0, 0, -1e-06, -0, -2e-06, 0, 1e-06, -0, 1.55014e-09, -9.57451e-05, 7.4435e-10, 4.67156e-05, 7.61171e-10, 1.2543e-05, -8.87823e-11, 2.02247, 0, 1.41672, 0, -0.028985, 0, -0.079696, 0, 2.41761, 0, -1.23642, -0, -0.219546, -0, 1.41672, 0, 1.67016, 0, -0.177021, 0, -0.069282, 0, -1.23642, 0, 1.52991, 0, 0.34775, 0, -0.028985, -0, -0.177021, 0, 0.437556, 0, 0.020706, 0, -0.219546, 0, 0.34775, 0, 0.236828, 0, -0.079696, -0, -0.069282, 0, 0.020706, 0, 0.08
0.6, 2025-05-06__21-51-13.114701, 0, -0.436332, -0, -2.3562, 0, 1.8326, -0, 0, -1e-06, -0, -2e-06, 0, 1e-06, -0, 1.55014e-09, -9.57451e-05, 7.4435e-10, 4.67156e-05, 7.61171e-10, 1.2543e-05, -8.87823e-11, 2.02247, 0, 1.41672, 0, -0.028985, 0, -0.079696, 0, 2.41761, 0, -1.23642, -0, -0.219546, -0, 1.41672, 0, 1.67016, 0, -0.177021, 0, -0.069282, 0, -1.23642, 0, 1.52991, 0, 0.34775, 0, -0.028985, -0, -0.177021, 0, 0.437556, 0, 0.020706, 0, -0.219546, 0, 0.34775, 0, 0.236828, 0, -0.079696, -0, -0.069282, 0, 0.020706, 0, 0.08
0.61, 2025-05-06__21-51-13.124756, 0, -0.436333, -0, -2.3562, 0, 1.8326, -0, 0, -1e-06, -0, -2e-06, 0, 1e-06, -0, 1.55015e-09, 2.23735e-05, 7.44351e-10, 7.60649e-05, 7.61171e-10, 2.53634e-05, -8.87824e-11, 2.02247, 0, 1.41672, 0, -0.028985, 0, -0.079696, 0, 2.41761, 0, -1.23642, -0, -0.219546, -0, 1.41672, 0, 1.67016, 0, -0.177021, 0, -0.069282, 0, -1.23642, 0, 1.52991, 0, 0.34775, 0, -0.028985, -0, -0.177021, 0, 0.437556, 0, 0.020706, 0, -0.219546, 0, 0.34775, 0, 0.236828, 0, -0.079696, -0, -0.069282, 0, 0.020706, 0, 0.08
0.62, 2025-05-06__21-51-13.133934, 0, -0.436333, -0, -2.3562, 0, 1.8326, -0, 0, -1e-06, -0, -1e-06, 0, 1e-06, -0, 1.55015e-09, 5.21237e-05, 7.44351e-10, 4.48998e-05, 7.61171e-10, 1.70251e-05, -8.87824e-11, 2.02247, 0, 1.41672, 0, -0.028985, 0, -0.079696, 0, 2.41761, 0, -1.23642, -0, -0.219546, -0, 1.41672, 0, 1.67016, 0, -0.177021, 0, -0.069282, 0, -1.23642, 0, 1.52991, 0, 0.34775, 0, -0.028985, -0, -0.177021, 0, 0.437556, 0, 0.020706, 0, -0.219546, 0, 0.34775, 0, 0.236828, 0, -0.079696, -0, -0.069282, 0, 0.020706, 0, 0.08
0.63, 2025-05-06__21-51-13.145756, 0, -0.436333, -0, -2.3562, 0, 1.8326, -0, 0, 0, -0, -0, 0, 2e-06, -0, 1.55015e-09, 3.79127e-05, 7.44351e-10, 3.15081e-05, 7.61171e-10, 8.3412e-06, -8.87824e-11, 2.02247, 0, 1.41672, 0, -0.028985, 0, -0.079696, 0, 2.41761, 0, -1.23642, -0, -0.219546, -0, 1.41672, 0, 1.67016, 0, -0.177021, 0, -0.069282, 0, -1.23642, 0, 1.52991, 0, 0.34775, 0, -0.028985, -0, -0.177021, 0, 0.437556, 0, 0.020706, 0, -0.219546, 0, 0.34775, 0, 0.236828, 0, -0.079696, -0, -0.069282, 0, 0.020706, 0, 0.08
0.64, 2025-05-06__21-51-13.153928, 0, -0.436333, -0, -2.3562, 0, 1.8326, -0, 0, 0, -0, 0, 0, 1e-06, -0, 1.55015e-09, 2.85e-05, 7.44351e-10, 3.90299e-05, 7.61171e-10, 1.4461e-05, -8.87824e-11, 2.02247, 0, 1.41672, 0, -0.028985, 0, -0.079696, 0, 2.41761, 0, -1.23642, -0, -0.219546, -0, 1.41672, 0, 1.67016, 0, -0.177021, 0, -0.069282, 0, -1.23642, 0, 1.52991, 0, 0.34775, 0, -0.028985, -0, -0.177021, 0, 0.437556, 0, 0.020706, 0, -0.219546, 0, 0.34775, 0, 0.236828, 0, -0.079696, -0, -0.069282, 0, 0.020706, 0, 0.08
0.65, 2025-05-06__21-51-13.164687, 0, -0.436333, -0, -2.3562, 0, 1.8326, -0, 0, 1e-06, -0, 1e-06, 0, 2e-06, -0, 1.55015e-09, 1.4289e-05, 7.44351e-10, 2.56382e-05, 7.61171e-10, 5.77712e-06, -8.87824e-11, 2.02247, 0, 1.41672, 0, -0.028985, 0, -0.079696, 0, 2.41761, 0, -1.23642, -0, -0.219546, -0, 1.41672, 0, 1.67016, 0, -0.177021, 0, -0.069282, 0, -1.23642, 0, 1.52991, 0, 0.34775, 0, -0.028985, -0, -0.177021, 0, 0.437556, 0, 0.020706, 0, -0.219546, 0, 0.34775, 0, 0.236828, 0, -0.079696, -0, -0.069282, 0, 0.020706, 0, 0.08
0.66, 2025-05-06__21-51-13.176076, 0, -0.436333, -0, -2.3562, 0, 1.8326, -0, 0, 1e-06, -0, 1e-06, 0, 1e-06, -0, 1.55015e-09, 4.87628e-06, 7.44351e-10, 3.316e-05, 7.61171e-10, 1.1897e-05, -8.87824e-11, 2.02247, 0, 1.41672, 0, -0.028985, 0, -0.079696, 0, 2.41761, 0, -1.23642, -0, -0.219546, -0, 1.41672, 0, 1.67016, 0, -0.177021, 0, -0.069282, 0, -1.23642, 0, 1.52991, 0, 0.34775, 0, -0.028985, -0, -0.177021, 0, 0.437556, 0, 0.020706, 0, -0.219546, 0, 0.34775, 0, 0.236828, 0, -0.079696, -0, -0.069282, 0, 0.020706, 0, 0.08
0.67, 2025-05-06__21-51-13.185730, 0, -0.436332, -0, -2.3562, 0, 1.8326, -0, 0, 1e-06, -0, 1e-06, 0, 2e-06, -0, 1.55014e-09, -0.00010383, 7.4435e-10, -3.7111e-06, 7.61171e-10, -7.04328e-06, -8.87823e-11, 2.02247, 0, 1.41672, 0, -0.028985, 0, -0.079696, 0, 2.41761, 0, -1.23642, -0, -0.219546, -0, 1.41672, 0, 1.67016, 0, -0.177021, 0, -0.069282, 0, -1.23642, 0, 1.52991, 0, 0.34775, 0, -0.028985, -0, -0.177021, 0, 0.437556, 0, 0.020706, 0, -0.219546, 0, 0.34775, 0, 0.236828, 0, -0.079696, -0, -0.069282, 0, 0.020706, 0, 0.08
0.68, 2025-05-06__21-51-13.195813, 0, -0.436332, -0, -2.3562, 0, 1.8326, -0, 0, 0, -0, 1e-06, 0, 1e-06, -0, 1.55014e-09, -5.98684e-05, 7.4435e-10, -2.14845e-05, 7.61171e-10, -6.69764e-06, -8.87823e-11, 2.02247, 0, 1.41672, 0, -0.028985, 0, -0.079696, 0, 2.41761, 0, -1.23642, -0, -0.219546, -0, 1.41672, 0, 1.67016, 0, -0.177021, 0, -0.069282, 0, -1.23642, 0, 1.52991, 0, 0.34775, 0, -0.028985, -0, -0.177021, 0, 0.437556, 0, 0.020706, 0, -0.219546, 0, 0.34775, 0, 0.236828, 0, -0.079696, -0, -0.069282, 0, 0.020706, 0, 0.08
0.69, 2025-05-06__21-51-13.204687, 0, -0.436332, -0, -2.3562, 0, 1.8326, -0, 0, -0, -0, 0, 0, 2e-06, -0, 1.55014e-09, -8.02059e-05, 7.4435e-10, 2.15876e-06, 7.61171e-10, -4.4792e-06, -8.87823e-11, 2.02247, 0, 1.41672, 0, -0.028985, 0, -0.079696, 0, 2.41761, 0, -1.23642, -0, -0.219546, -0, 1.41672, 0, 1.67016, 0, -0.177021, 0, -0.069282, 0, -1.23642, 0, 1.52991, 0, 0.34775, 0, -0.028985, -0, -0.177021, 0, 0.437556, 0, 0.020706, 0, -0.219546, 0, 0.34775, 0, 0.236828, 0, -0.079696, -0, -0.069282, 0, 0.020706, 0, 0.08
0.7, 2025-05-06__21-51-13.216071, 0, -0.436332, -0, -2.3562, 0, 1.8326, -0, 0, -1e-06, -0, -0, 0, 2e-06, -0, 1.55014e-09, -2.6832e-05, 7.4435e-10, -2.31365e-05, 7.61171e-10, -1.02534e-05, -8.87823e-11, 2.02247, 0, 1.41672, 0, -0.028985, 0, -0.079696, 0, 2.41761, 0, -1.23642, -0, -0.219546, -0, 1.41672, 0, 1.67016, 0, -0.177021, 0, -0.069282, 0, -1.23642, 0, 1.52991, 0, 0.34775, 0, -0.028985, -0, -0.177021, 0, 0.437556, 0, 0.020706, 0, -0.219546, 0, 0.34775, 0, 0.236828, 0, -0.079696, -0, -0.069282, 0, 0.020706, 0, 0.08
0.71, 2025-05-06__21-51-13.225727, 0, -0.436333, -0, -2.3562, 0, 1.8326, -0, 0, -1e-06, -0, -1e-06, 0, 1e-06, -0, 1.55015e-09, 0.000236269, 7.4435e-10, -0.000114921, 7.61171e-10, -3.44159e-05, -8.87823e-11, 2.02247, 0, 1.41672, 0, -0.028985, 0, -0.079696, 0, 2.41761, 0, -1.23642, -0, -0.219546, -0, 1.41672, 0, 1.67016, 0, -0.177021, 0, -0.069282, 0, -1.23642, 0, 1.52991, 0, 0.34775, 0, -0.028985, -0, -0.177021, 0, 0.437556, 0, 0.020706, 0, -0.219546, 0, 0.34775, 0, 0.236828, 0, -0.079696, -0, -0.069282, 0, 0.020706, 0, 0.08
0.72, 2025-05-06__21-51-13.235821, 0, -0.436333, -0, -2.3562, 0, 1.8326, -0, 0, -0, -0, -0, 0, 1e-06, -0, 1.55015e-09, 0.000212645, 7.4435e-10, -0.000120791, 7.61171e-10, -3.698e-05, -8.87823e-11, 2.02247, 0, 1.41672, 0, -0.028985, 0, -0.079696, 0, 2.41761, 0, -1.23642, -0, -0.219546, -0, 1.41672, 0, 1.67016, 0, -0.177021, 0, -0.069282, 0, -1.23642, 0, 1.52991, 0, 0.34775, 0, -0.028985, -0, -0.177021, 0, 0.437556, 0, 0.020706, 0, -0.219546, 0, 0.34775, 0, 0.236828, 0, -0.079696, -0, -0.069282, 0, 0.020706, 0, 0.08
0.73, 2025-05-06__21-51-13.244768, 0, -0.436333, -0, -2.3562, 0, 1.8326, -0, 0, 1e-06, -0, -0, 0, -0, -0, 1.55015e-09, 0.000149859, 7.4435e-10, -8.79738e-05, 7.61171e-10, -2.5086e-05, -8.87823e-11, 2.02247, 0, 1.41672, 0, -0.028985, 0, -0.079696, 0, 2.41761, 0, -1.23642, -0, -0.219546, -0, 1.41672, 0, 1.67016, 0, -0.177021, 0, -0.069282, 0, -1.23642, 0, 1.52991, 0, 0.34775, 0, -0.028985, -0, -0.177021, 0, 0.437556, 0, 0.020706, 0, -0.219546, 0, 0.34775, 0, 0.236828, 0, -0.079696, -0, -0.069282, 0, 0.020706, 0, 0.08
0.74, 2025-05-06__21-51-13.254748, 0, -0.436332, -0, -2.3562, 0, 1.8326, -0, 0, 1e-06, -0, -0, 0, -1e-06, -0, 1.55015e-09, -0.000161818, 7.4435e-10, 5.00195e-05, 7.61171e-10, 1.96545e-05, -8.87823e-11, 2.02247, 0, 1.41672, 0, -0.028985, 0, -0.079696, 0, 2.41761, 0, -1.23642, -0, -0.219546, -0, 1.41672, 0, 1.67016, 0, -0.177021, 0, -0.069282, 0, -1.23642, 0, 1.52991, 0, 0.34775, 0, -0.028985, -0, -0.177021, 0, 0.437556, 0, 0.020706, 0, -0.219546, 0, 0.34775, 0, 0.236828, 0, -0.079696, -0, -0.069282, 0, 0.020706, 0, 0.08
0.75, 2025-05-06__21-51-13.266056, 0, -0.436332, -0, -2.3562, 0, 1.8326, -0, 0, 0, -0, -1e-06, 0, 0, -0, 1.55015e-09, -0.000128781, 7.4435e-10, 4.83676e-05, 7.61171e-10, 1.60988e-05, -8.87823e-11, 2.02247, 0, 1.41672, 0, -0.028985, 0, -0.079696, 0, 2.41761, 0, -1.23642, -0, -0.219546, -0, 1.41672, 0, 1.67016, 0, -0.177021, 0, -0.069282, 0, -1.23642, 0, 1.52991, 0, 0.34775, 0, -0.028985, -0, -0.177021, 0, 0.437556, 0, 0.020706, 0, -0.219546, 0, 0.34775, 0, 0.236828, 0, -0.079696, -0, -0.069282, 0, 0.020706, 0, 0.08
0.76, 2025-05-06__21-51-13.275739, 0, -0.436332, -0, -2.3562, 0, 1.8326, -0, 0, -0, -0, -1e-06, 0, 1e-06, -0, 1.55015e-09, -0.000303514, 7.44351e-10, 0.000200667, 7.61171e-10, 6.14199e-05, -8.87824e-11, 2.02247, 0, 1.41672, 0, -0.028985, 0, -0.079696, 0, 2.41761, 0, -1.23642, -0, -0.219546, -0, 1.41672, 0, 1.67016, 0, -0.177021, 0, -0.069282, 0, -1.23642, 0, 1.52991, 0, 0.34775, 0, -0.028985, -0, -0.177021, 0, 0.437556, 0, 0.020706, 0, -0.219546, 0, 0.34775, 0, 0.236828, 0, -0.079696, -0, -0.069282, 0, 0.020706, 0, 0.08
0.77, 2025-05-06__21-51-13.285797, 0, -0.436332, -0, -2.3562, 0, 1.8326, -0, 0, -1e-06, -0, -1e-06, 0, 2e-06, -0, 1.55015e-09, -0.000240728, 7.44351e-10, 0.000167849, 7.61171e-10, 4.95259e-05, -8.87824e-11, 2.02247, 0, 1.41672, 0, -0.028985, 0, -0.079696, 0, 2.41761, 0, -1.23642, -0, -0.219546, -0, 1.41672, 0, 1.67016, 0, -0.177021, 0, -0.069282, 0, -1.23642, 0, 1.52991, 0, 0.34775, 0, -0.028985, -0, -0.177021, 0, 0.437556, 0, 0.020706, 0, -0.219546, 0, 0.34775, 0, 0.236828, 0, -0.079696, -0, -0.069282, 0, 0.020706, 0, 0.08
0.78, 2025-05-06__21-51-13.294732, 0, -0.436333, -0, -2.3562, 0, 1.8326, -0, 0, -2e-06, -0, -1e-06, 0, 3e-06, -0, 1.55015e-09, 0.000124323, 7.44351e-10, 4.56082e-06, 7.61171e-10, -9.88764e-07, -8.87824e-11, 2.02247, 0, 1.41672, 0, -0.028985, 0, -0.079696, 0, 2.41761, 0, -1.23642, -0, -0.219546, -0, 1.41672, 0, 1.67016, 0, -0.177021, 0, -0.069282, 0, -1.23642, 0, 1.52991, 0, 0.34775, 0, -0.028985, -0, -0.177021, 0, 0.437556, 0, 0.020706, 0, -0.219546, 0, 0.34775, 0, 0.236828, 0, -0.079696, -0, -0.069282, 0, 0.020706, 0, 0.08
0.79, 2025-05-06__21-51-13.305928, 0, -0.436333, -0, -2.3562, 0, 1.8326, -0, 0, -1e-06, -0, 0, 0, 2e-06, -0, 1.55015e-09, 9.12866e-05, 7.44351e-10, 6.2128e-06, 7.61171e-10, 2.567e-06, -8.87824e-11, 2.02247, 0, 1.41672, 0, -0.028985, 0, -0.079696, 0, 2.41761, 0, -1.23642, -0, -0.219546, -0, 1.41672, 0, 1.67016, 0, -0.177021, 0, -0.069282, 0, -1.23642, 0, 1.52991, 0, 0.34775, 0, -0.028985, -0, -0.177021, 0, 0.437556, 0, 0.020706, 0, -0.219546, 0, 0.34775, 0, 0.236828, 0, -0.079696, -0, -0.069282, 0, 0.020706, 0, 0.08
0.8, 2025-05-06__21-51-13.313934, 0, -0.436333, -0, -2.3562, 0, 1.8326, -0, 0, -0, -0, 1e-06, 0, 2e-06, -0, 1.55015e-09, 6.76629e-05, 7.44351e-10, 3.42916e-07, 7.61171e-10, 2.96002e-09, -8.87824e-11, 2.02247, 0, 1.41672, 0, -0.028985, 0, -0.079696, 0, 2.41761, 0, -1.23642, -0, -0.219546, -0, 1.41672, 0, 1.67016, 0, -0.177021, 0, -0.069282, 0, -1.23642, 0, 1.52991, 0, 0.347751, 0, -0.028985, -0, -0.177021, 0, 0.437556, 0, 0.020706, 0, -0.219546, 0, 0.347751, 0, 0.236828, 0, -0.079696, -0, -0.069282, 0, 0.020706, 0, 0.08
0.81, 2025-05-06__21-51-13.323926, 0, -0.436333, -0, -2.3562, 0, 1.8326, -0, 0, 0, -0, 1e-06, 0, 2e-06, -0, 1.55015e-09, 6.76629e-05, 7.44351e-10, 3.42916e-07, 7.61171e-10, 2.96002e-09, -8.87824e-11, 2.02247, 0, 1.41672, 0, -0.028985, 0, -0.079696, 0, 2.41761, 0, -1.23642, -0, -0.219546, -0, 1.41672, 0, 1.67016, 0, -0.177021, 0, -0.069282, 0, -1.23642, 0, 1.52991, 0, 0.347751, 0, -0.028985, -0, -0.177021, 0, 0.437556, 0, 0.020706, 0, -0.219546, 0, 0.347751, 0, 0.236828, 0, -0.079696, -0, -0.069282, 0, 0.020706, 0, 0.08
0.82, 2025-05-06__21-51-13.335934, 0, -0.436333, -0, -2.3562, 0, 1.8326, -0, 0, 1e-06, -0, 2e-06, 0, 2e-06, -0, 1.55015e-09, 0.000228184, 7.4435e-10, -0.000165348, 7.61171e-10, -5.40022e-05, -8.87822e-11, 2.02247, 0, 1.41672, 0, -0.028985, 0, -0.079696, 0, 2.41761, 0, -1.23642, -0, -0.219546, -0, 1.41672, 0, 1.67016, 0, -0.177021, 0, -0.069282, 0, -1.23642, 0, 1.52991, 0, 0.347751, 0, -0.028985, -0, -0.177021, 0, 0.437556, 0, 0.020706, 0, -0.219546, 0, 0.347751, 0, 0.236828, 0, -0.079696, -0, -0.069282, 0, 0.020706, 0, 0.08
0.83, 2025-05-06__21-51-13.344762, 0, -0.436333, -0, -2.3562, 0, 1.8326, -0, 0, 1e-06, -0, 1e-06, 0, 0, -0, 1.55015e-09, 0.000179609, 7.4435e-10, -0.000119139, 7.61171e-10, -3.34243e-05, -8.87822e-11, 2.02247, 0, 1.41672, 0, -0.028985, 0, -0.079696, 0, 2.41761, 0, -1.23642, -0, -0.219546, -0, 1.41672, 0, 1.67016, 0, -0.177021, 0, -0.069282, 0, -1.23642, 0, 1.52991, 0, 0.347751, 0, -0.028985, -0, -0.177021, 0, 0.437556, 0, 0.020706, 0, -0.219546, 0, 0.347751, 0, 0.236828, 0, -0.079696, -0, -0.069282, 0, 0.020706, 0, 0.08
0.84, 2025-05-06__21-51-13.354676, 0, -0.436332, -0, -2.3562, 0, 1.8326, -0, 0, 2e-06, -0, 1e-06, 0, -0, -0, 1.55014e-09, -0.000176029, 7.4435e-10, 3.66279e-05, 7.61171e-10, 1.09705e-05, -8.87823e-11, 2.02247, 0, 1.41672, 0, -0.028985, 0, -0.079696, 0, 2.41761, 0, -1.23642, -0, -0.219546, -0, 1.41672, 0, 1.67016, 0, -0.177021, 0, -0.069282, 0, -1.23642, 0, 1.52991, 0, 0.347751, 0, -0.028985, -0, -0.177021, 0, 0.437556, 0, 0.020706, 0, -0.219546, 0, 0.347751, 0, 0.236828, 0, -0.079696, -0, -0.069282, 0, 0.020706, 0, 0.08
0.85, 2025-05-06__21-51-13.363923, 0, -0.436332, -0, -2.3562, 0, 1.8326, -0, 0, 1e-06, -0, 1e-06, 0, 0, -0, 1.55014e-09, -0.000122655, 7.4435e-10, 1.13326e-05, 7.61171e-10, 5.19632e-06, -8.87823e-11, 2.02247, 0, 1.41672, 0, -0.028985, 0, -0.079696, 0, 2.41761, 0, -1.23642, -0, -0.219546, -0, 1.41672, 0, 1.67016, 0, -0.177021, 0, -0.069282, 0, -1.23642, 0, 1.52991, 0, 0.347751, 0, -0.028985, -0, -0.177021, 0, 0.437556, 0, 0.020706, 0, -0.219546, 0, 0.347751, 0, 0.236828, 0, -0.079696, -0, -0.069282, 0, 0.020706, 0, 0.08
0.86, 2025-05-06__21-51-13.373933, 0, -0.436332, -0, -2.3562, 0, 1.8326, -0, 0, 0, -0, -0, 0, 1e-06, -0, 1.55014e-09, -8.96186e-05, 7.4435e-10, 9.68061e-06, 7.61171e-10, 1.64059e-06, -8.87823e-11, 2.02247, 0, 1.41672, 0, -0.028985, 0, -0.079696, 0, 2.41761, 0, -1.23642, -0, -0.219546, -0, 1.41672, 0, 1.67016, 0, -0.177021, 0, -0.069282, 0, -1.23642, 0, 1.52991, 0, 0.347751, 0, -0.028985, -0, -0.177021, 0, 0.437556, 0, 0.020706, 0, -0.219546, 0, 0.347751, 0, 0.236828, 0, -0.079696, -0, -0.069282, 0, 0.020706, 0, 0.08
0.87, 2025-05-06__21-51-13.385875, 0, -0.436332, -0, -2.3562, 0, 1.8326, -0, 0, -0, -0, -1e-06, 0, 1e-06, -0, 1.55014e-09, -0.000119369, 7.4435e-10, 4.08458e-05, 7.61171e-10, 9.97888e-06, -8.87823e-11, 2.02247, 0, 1.41672, 0, -0.028985, 0, -0.079696, 0, 2.41761, 0, -1.23642, -0, -0.219546, -0, 1.41672, 0, 1.67016, 0, -0.177021, 0, -0.069282, 0, -1.23642, 0, 1.52991, 0, 0.347751, 0, -0.028985, -0, -0.177021, 0, 0.437556, 0, 0.020706, 0, -0.219546, 0, 0.347751, 0, 0.236828, 0, -0.079696, -0, -0.069282, 0, 0.020706, 0, 0.08
0.88, 2025-05-06__21-51-13.394724, 0, -0.436332, -0, -2.3562, 0, 1.8326, -0, 0, -1e-06, -0, -1e-06, 0, 1e-06, -0, 1.55014e-09, -6.59949e-05, 7.4435e-10, 1.55505e-05, 7.61171e-10, 4.20469e-06, -8.87823e-11, 2.02247, 0, 1.41672, 0, -0.028985, 0, -0.079696, 0, 2.41761, 0, -1.23642, -0, -0.219546, -0, 1.41672, 0, 1.67016, 0, -0.177021, 0, -0.069282, 0, -1.23642, 0, 1.52991, 0, 0.347751, 0, -0.028985, -0, -0.177021, 0, 0.437556, 0, 0.020706, 0, -0.219546, 0, 0.347751, 0, 0.236828, 0, -0.079696, -0, -0.069282, 0, 0.020706, 0, 0.08
0.89, 2025-05-06__21-51-13.404929, 0, -0.436332, -0, -2.3562, 0, 1.8326, -0, 0, -1e-06, -0, -1e-06, 0, 1e-06, -0, 1.55014e-09, -6.59949e-05, 7.4435e-10, 1.55505e-05, 7.61171e-10, 4.20469e-06, -8.87823e-11, 2.02247, 0, 1.41672, 0, -0.028985, 0, -0.079696, 0, 2.41761, 0, -1.23642, -0, -0.219546, -0, 1.41672, 0, 1.67016, 0, -0.177021, 0, -0.069282, 0, -1.23642, 0, 1.52991, 0, 0.347751, 0, -0.028985, -0, -0.177021, 0, 0.437556, 0, 0.020706, 0, -0.219546, 0, 0.347751, 0, 0.236828, 0, -0.079696, -0, -0.069282, 0, 0.020706, 0, 0.08
0.9, 2025-05-06__21-51-13.414759, 0, -0.436333, -0, -2.3562, 0, 1.8326, -0, 0, -1e-06, -0, -1e-06, 0, 1e-06, -0, 1.55015e-09, 0.000236269, 7.4435e-10, -0.000114921, 7.61171e-10, -3.44159e-05, -8.87823e-11, 2.02247, 0, 1.41672, 0, -0.028985, 0, -0.079696, 0, 2.41761, 0, -1.23642, -0, -0.219546, -0, 1.41672, 0, 1.67016, 0, -0.177021, 0, -0.069282, 0, -1.23642, 0, 1.52991, 0, 0.347751, 0, -0.028985, -0, -0.177021, 0, 0.437556, 0, 0.020706, 0, -0.219546, 0, 0.347751, 0, 0.236828, 0, -0.079696, -0, -0.069282, 0, 0.020706, 0, 0.08
0.91, 2025-05-06__21-51-13.424679, 0, -0.436333, -0, -2.3562, 0, 1.8326, -0, 0, -0, -0, -1e-06, 0, 0, -0, 1.55015e-09, 0.000173482, 7.4435e-10, -8.2104e-05, 7.61171e-10, -2.25219e-05, -8.87823e-11, 2.02247, 0, 1.41672, 0, -0.028985, 0, -0.079696, 0, 2.41761, 0, -1.23642, -0, -0.219546, -0, 1.41672, 0, 1.67016, 0, -0.177021, 0, -0.069282, 0, -1.23642, 0, 1.52991, 0, 0.347751, 0, -0.028985, -0, -0.177021, 0, 0.437556, 0, 0.020706, 0, -0.219546, 0, 0.347751, 0, 0.236828, 0, -0.079696, -0, -0.069282, 0, 0.020706, 0, 0.08
0.92, 2025-05-06__21-51-13.436076, 0, -0.436333, -0, -2.3562, 0, 1.8326, -0, 0, 1e-06, -0, -0, 0, 0, -0, 1.55015e-09, -6.40368e-05, 7.44351e-10, 0.000103012, 7.61171e-10, 3.46934e-05, -8.87824e-11, 2.02247, 0, 1.41672, 0, -0.028985, 0, -0.079696, 0, 2.41761, 0, -1.23642, -0, -0.219546, -0, 1.41672, 0, 1.67016, 0, -0.177021, 0, -0.069282, 0, -1.23642, 0, 1.52991, 0, 0.347751, 0, -0.028985, -0, -0.177021, 0, 0.437556, 0, 0.020706, 0, -0.219546, 0, 0.347751, 0, 0.236828, 0, -0.079696, -0, -0.069282, 0, 0.020706, 0, 0.08
0.93, 2025-05-06__21-51-13.444680, 0, -0.436333, -0, -2.3562, 0, 1.8326, -0, 0, 1e-06, -0, -0, 0, 1e-06, -0, 1.55015e-09, -3.42866e-05, 7.44351e-10, 7.18471e-05, 7.61171e-10, 2.63551e-05, -8.87824e-11, 2.02247, 0, 1.41672, 0, -0.028985, 0, -0.079696, 0, 2.41761, 0, -1.23642, -0, -0.219546, -0, 1.41672, 0, 1.67016, 0, -0.177021, 0, -0.069282, 0, -1.23642, 0, 1.52991, 0, 0.347751, 0, -0.028985, -0, -0.177021, 0, 0.437556, 0, 0.020706, 0, -0.219546, 0, 0.347751, 0, 0.236828, 0, -0.079696, -0, -0.069282, 0, 0.020706, 0, 0.08
0.94, 2025-05-06__21-51-13.454935, 0, -0.436332, -0, -2.3562, 0, 1.8326, -0, 0, 1e-06, -0, 0, 0, 1e-06, -0, 1.55015e-09, -0.000327138, 7.44351e-10, 0.000194797, 7.61172e-10, 5.88559e-05, -8.87824e-11, 2.02247, 0, 1.41672, 0, -0.028985, 0, -0.079696, 0, 2.41761, 0, -1.23642, -0, -0.219546, -0, 1.41672, 0, 1.67016, 0, -0.177021, 0, -0.069282, 0, -1.23642, 0, 1.52991, 0, 0.347751, 0, -0.028985, -0, -0.177021, 0, 0.437556, 0, 0.020706, 0, -0.219546, 0, 0.347751, 0, 0.236828, 0, -0.079696, -0, -0.069282, 0, 0.020706, 0, 0.08
0.95, 2025-05-06__21-51-13.464677, 0, -0.436332, -0, -2.3562, 0, 1.8326, -0, 0, -0, -0, 0, 0, 2e-06, -0, 1.55015e-09, -0.000264352, 7.44351e-10, 0.00016198, 7.61171e-10, 4.69618e-05, -8.87824e-11, 2.02247, 0, 1.41672, 0, -0.028985, 0, -0.079696, 0, 2.41761, 0, -1.23642, -0, -0.219546, -0, 1.41672, 0, 1.67016, 0, -0.177021, 0, -0.069282, 0, -1.23642, 0, 1.52991, 0, 0.347751, 0, -0.028985, -0, -0.177021, 0, 0.437556, 0, 0.020706, 0, -0.219546, 0, 0.347751, 0, 0.236828, 0, -0.079696, -0, -0.069282, 0, 0.020706, 0, 0.08
0.96, 2025-05-06__21-51-13.474725, 0, -0.436332, -0, -2.3562, 0, 1.8326, -0, 0, -1e-06, -0, 0, 0, 2e-06, -0, 1.55014e-09, -2.6832e-05, 7.4435e-10, -2.31365e-05, 7.61171e-10, -1.02534e-05, -8.87823e-11, 2.02247, 0, 1.41672, 0, -0.028985, 0, -0.079696, 0, 2.41761, 0, -1.23642, -0, -0.219546, -0, 1.41672, 0, 1.67016, 0, -0.177021, 0, -0.069282, 0, -1.23642, 0, 1.52991, 0, 0.347751, 0, -0.028985, -0, -0.177021, 0, 0.437556, 0, 0.020706, 0, -0.219546, 0, 0.347751, 0, 0.236828, 0, -0.079696, -0, -0.069282, 0, 0.020706, 0, 0.08
0.97, 2025-05-06__21-51-13.484673, 0, -0.436333, -0, -2.3562, 0, 1.8326, -0, 0, -1e-06, -0, 0, 0, 2e-06, -0, 1.55015e-09, 0.000275432, 7.4435e-10, -0.000153608, 7.61171e-10, -4.8874e-05, -8.87822e-11, 2.02247, 0, 1.41672, 0, -0.028985, 0, -0.079696, 0, 2.41761, 0, -1.23642, -0, -0.219546, -0, 1.41672, 0, 1.67016, 0, -0.177021, 0, -0.069282, 0, -1.23642, 0, 1.52991, 0, 0.347751, 0, -0.028985, -0, -0.177021, 0, 0.437556, 0, 0.020706, 0, -0.219546, 0, 0.347751, 0, 0.236828, 0, -0.079696, -0, -0.069282, 0, 0.020706, 0, 0.08
0.98, 2025-05-06__21-51-13.494686, 0, -0.436333, -0, -2.3562, 0, 1.8326, -0, 0, 0, -0, 0, 0, 1e-06, -0, 1.55015e-09, 0.000212645, 7.4435e-10, -0.000120791, 7.61171e-10, -3.698e-05, -8.87822e-11, 2.02247, 0, 1.41672, 0, -0.028985, 0, -0.079696, 0, 2.41761, 0, -1.23642, -0, -0.219546, -0, 1.41672, 0, 1.67016, 0, -0.177021, 0, -0.069282, 0, -1.23642, 0, 1.52991, 0, 0.347751, 0, -0.028985, -0, -0.177021, 0, 0.437556, 0, 0.020706, 0, -0.219546, 0, 0.347751, 0, 0.236828, 0, -0.079696, -0, -0.069282, 0, 0.020706, 0, 0.08
0.99, 2025-05-06__21-51-13.504759, 0, -0.436332, -0, -2.3562, 0, 1.8326, -0, 0, 1e-06, -0, 0, 0, -0, -0, 1.55014e-09, -0.000152405, 7.4435e-10, 4.24978e-05, 7.61171e-10, 1.35346e-05, -8.87823e-11, 2.02247, 0, 1.41672, 0, -0.028985, 0, -0.079696, 0, 2.41761, 0, -1.23642, -0, -0.219546, -0, 1.41672, 0, 1.67016, 0, -0.177021, 0, -0.069282, 0, -1.23642, 0, 1.52991, 0, 0.347751, 0, -0.028985, -0, -0.177021, 0, 0.437556, 0, 0.020706, 0, -0.219546, 0, 0.347751, 0, 0.236828, 0, -0.079696, -0, -0.069282, 0, 0.020706, 0, 0.08
1, 2025-05-06__21-51-13.514663, 0, -0.436332, -0, -2.3562, 0, 1.8326, -0, 0, 1e-06, -0, -0, 0, 0, -0, 1.55014e-09, -0.000152405, 7.4435e-10, 4.24978e-05, 7.61171e-10, 1.35346e-05, -8.87823e-11, 2.02247, 0, 1.41672, 0, -0.028985, 0, -0.079696, 0, 2.41761, 0, -1.23642, -0, -0.219546, -0, 1.41672, 0, 1.67016, 0, -0.177021, 0, -0.069282, 0, -1.23642, 0, 1.52991, 0, 0.347751, 0, -0.028985, -0, -0.177021, 0, 0.437556, 0, 0.020706, 0, -0.219546, 0, 0.347751, 0, 0.236828, 0, -0.079696, -0, -0.069282, 0, 0.020706, 0, 0.08
1.01, 2025-05-06__21-51-13.524664, 0, -0.436332, -0, -2.3562, 0, 1.8326, -0, 0, -0, -0, -1e-06, 0, 1e-06, -0, 1.55014e-09, -0.000119369, 7.4435e-10, 4.08458e-05, 7.61171e-10, 9.97888e-06, -8.87823e-11, 2.02247, 0, 1.41672, 0, -0.028985, 0, -0.079696, 0, 2.41761, 0, -1.23642, -0, -0.219546, -0, 1.41672, 0, 1.67016, 0, -0.177021, 0, -0.069282, 0, -1.23642, 0, 1.52991, 0, 0.347751, 0, -0.028985, -0, -0.177021, 0, 0.437556, 0, 0.020706, 0, -0.219546, 0, 0.347751, 0, 0.236828, 0, -0.079696, -0, -0.069282, 0, 0.020706, 0, 0.08
1.02, 2025-05-06__21-51-13.534704, 0, -0.436332, -0, -2.3562, 0, 1.8326, -0, 0, -1e-06, -0, -1e-06, 0, 2e-06, -0, 1.55015e-09, -0.000240728, 7.44351e-10, 0.00016785, 7.61171e-10, 4.95259e-05, -8.87824e-11, 2.02247, 0, 1.41672, 0, -0.028985, 0, -0.079696, 0, 2.41761, 0, -1.23642, -0, -0.219546, -0, 1.41672, 0, 1.67016, 0, -0.177021, 0, -0.069282, 0, -1.23642, 0, 1.52991, 0, 0.347751, 0, -0.028985, -0, -0.177021, 0, 0.437556, 0, 0.020706, 0, -0.219546, 0, 0.347751, 0, 0.236828, 0, -0.079696, -0, -0.069282, 0, 0.020706, 0, 0.08
1.03, 2025-05-06__21-51-13.544729, 0, -0.436333, -0, -2.3562, 0, 1.8326, -0, 0, -2e-06, -0, -1e-06, 0, 3e-06, -0, 1.55015e-09, 0.000124323, 7.44351e-10, 4.56077e-06, 7.61171e-10, -9.88675e-07, -8.87824e-11, 2.02247, 0, 1.41672, 0, -0.028985, 0, -0.079696, 0, 2.41761, 0, -1.23642, -0, -0.219546, -0, 1.41672, 0, 1.67016, 0, -0.177021, 0, -0.069282, 0, -1.23642, 0, 1.52991, 0, 0.347751, 0, -0.028985, -0, -0.177021, 0, 0.437556, 0, 0.020706, 0, -0.219546, 0, 0.347751, 0, 0.236828, 0, -0.079696, -0, -0.069282, 0, 0.020706, 0, 0.08
1.04, 2025-05-06__21-51-13.553941, 0, -0.436333, -0, -2.3562, 0, 1.8326, -0, 0, -1e-06, -0, 0, 0, 2e-06, -0, 1.55015e-09, 9.12866e-05, 7.44351e-10, 6.21278e-06, 7.61171e-10, 2.56706e-06, -8.87824e-11, 2.02247, 0, 1.41672, 0, -0.028985, 0, -0.079696, 0, 2.41761, 0, -1.23642, -0, -0.219546, -0, 1.41672, 0, 1.67016, 0, -0.177021, 0, -0.069282, 0, -1.23642, 0, 1.52991, 0, 0.347751, 0, -0.028985, -0, -0.177021, 0, 0.437556, 0, 0.020706, 0, -0.219546, 0, 0.347751, 0, 0.236828, 0, -0.079696, -0, -0.069282, 0, 0.020706, 0, 0.08
1.05, 2025-05-06__21-51-13.566265, 0, -0.436333, -0, -2.3562, 0, 1.8326, -0, 0, -0, -0, 1e-06, 0, 2e-06, -0, 1.55015e-09, 6.76629e-05, 7.44351e-10, 3.42916e-07, 7.61171e-10, 2.96002e-09, -8.87824e-11, 2.02247, 0, 1.41672, 0, -0.028985, 0, -0.079696, 0, 2.41761, 0, -1.23642, -0, -0.219546, -0, 1.41672, 0, 1.67016, 0, -0.177021, 0, -0.069282, 0, -1.23642, 0, 1.52991, 0, 0.347751, 0, -0.028985, -0, -0.177021, 0, 0.437556, 0, 0.020706, 0, -0.219546, 0, 0.347751, 0, 0.236828, 0, -0.079696, -0, -0.069282, 0, 0.020706, 0, 0.08
1.06, 2025-05-06__21-51-13.575683, 0, -0.436333, -0, -2.3562, 0, 1.8326, -0, 0, 0, -0, 1e-06, 0, 2e-06, -0, 1.55015e-09, 0.000251808, 7.4435e-10, -0.000159478, 7.61171e-10, -5.14381e-05, -8.87822e-11, 2.02247, 0, 1.41672, 0, -0.028985, 0, -0.079696, 0, 2.41761, 0, -1.23642, -0, -0.219546, -0, 1.41672, 0, 1.67016, 0, -0.177021, 0, -0.069282, 0, -1.23642, 0, 1.52991, 0, 0.347751, 0, -0.028985, -0, -0.177021, 0, 0.437556, 0, 0.020706, 0, -0.219546, 0, 0.347751, 0, 0.236828, 0, -0.079696, -0, -0.069282, 0, 0.020706, 0, 0.08
1.07, 2025-05-06__21-51-13.584694, 0, -0.436333, -0, -2.3562, 0, 1.8326, -0, 0, 1e-06, -0, 1e-06, 0, 1e-06, -0, 1.55015e-09, 0.000189022, 7.4435e-10, -0.000126661, 7.61171e-10, -3.95441e-05, -8.87822e-11, 2.02247, 0, 1.41672, 0, -0.028985, 0, -0.079696, 0, 2.41761, 0, -1.23642, -0, -0.219546, -0, 1.41672, 0, 1.67016, 0, -0.177021, 0, -0.069282, 0, -1.23642, 0, 1.52991, 0, 0.347751, 0, -0.028985, -0, -0.177021, 0, 0.437556, 0, 0.020706, 0, -0.219546, 0, 0.347751, 0, 0.236828, 0, -0.079696, -0, -0.069282, 0, 0.020706, 0, 0.08
1.08, 2025-05-06__21-51-13.594722, 0, -0.436333, -0, -2.3562, 0, 1.8326, -0, 0, 2e-06, -0, 1e-06, 0, 0, -0, 1.55015e-09, 0.000126235, 7.4435e-10, -9.38437e-05, 7.61171e-10, -2.76501e-05, -8.87822e-11, 2.02247, 0, 1.41672, 0, -0.028985, 0, -0.079696, 0, 2.41761, 0, -1.23642, -0, -0.219546, -0, 1.41672, 0, 1.67016, 0, -0.177021, 0, -0.069282, 0, -1.23642, 0, 1.52991, 0, 0.347751, 0, -0.028985, -0, -0.177021, 0, 0.437556, 0, 0.020706, 0, -0.219546, 0, 0.347751, 0, 0.236828, 0, -0.079696, -0, -0.069282, 0, 0.020706, 0, 0.08
1.09, 2025-05-06__21-51-13.605882, 0, -0.436332, -0, -2.3562, 0, 1.8326, -0, 0, 2e-06, -0, 1e-06, 0, -0, -0, 1.55014e-09, -0.000176029, 7.4435e-10, 3.66279e-05, 7.61171e-10, 1.09705e-05, -8.87823e-11, 2.02247, 0, 1.41672, 0, -0.028985, 0, -0.079696, 0, 2.41761, 0, -1.23642, -0, -0.219546, -0, 1.41672, 0, 1.67016, 0, -0.177021, 0, -0.069282, 0, -1.23642, 0, 1.52991, 0, 0.347751, 0, -0.028985, -0, -0.177021, 0, 0.437556, 0, 0.020706, 0, -0.219546, 0, 0.347751, 0, 0.236828, 0, -0.079696, -0, -0.069282, 0, 0.020706, 0, 0.08
1.1, 2025-05-06__21-51-13.614712, 0, -0.436332, -0, -2.3562, 0, 1.8326, -0, 0, 1e-06, -0, 0, 0, 0, -0, 1.55014e-09, -0.000152405, 7.4435e-10, 4.24978e-05, 7.61171e-10, 1.35346e-05, -8.87823e-11, 2.02247, 0, 1.41672, 0, -0.028985, 0, -0.079696, 0, 2.41761, 0, -1.23642, -0, -0.219546, -0, 1.41672, 0, 1.67016, 0, -0.177021, 0, -0.069282, 0, -1.23642, 0, 1.52991, 0, 0.347751, 0, -0.028985, -0, -0.177021, 0, 0.437556, 0, 0.020706, 0, -0.219546, 0, 0.347751, 0, 0.236828, 0, -0.079696, -0, -0.069282, 0, 0.020706, 0, 0.08
1.11, 2025-05-06__21-51-13.624706, 0, -0.436332, -0, -2.3562, 0, 1.8326, -0, 0, 0, -0, -0, 0, 1e-06, -0, 1.55014e-09, -8.96186e-05, 7.4435e-10, 9.68061e-06, 7.61171e-10, 1.64059e-06, -8.87823e-11, 2.02247, 0, 1.41672, 0, -0.028985, 0, -0.079696, 0, 2.41761, 0, -1.23642, -0, -0.219546, -0, 1.41672, 0, 1.67016, 0, -0.177021, 0, -0.069282, 0, -1.23642, 0, 1.52991, 0, 0.347751, 0, -0.028985, -0, -0.177021, 0, 0.437556, 0, 0.020706, 0, -0.219546, 0, 0.347751, 0, 0.236828, 0, -0.079696, -0, -0.069282, 0, 0.020706, 0, 0.08
1.12, 2025-05-06__21-51-13.634937, 0, -0.436332, -0, -2.3562, 0, 1.8326, -0, 0, -0, -0, -1e-06, 0, 1e-06, -0, 1.55014e-09, -0.000119369, 7.4435e-10, 4.08458e-05, 7.61171e-10, 9.97888e-06, -8.87823e-11, 2.02247, 0, 1.41672, 0, -0.028985, 0, -0.079696, 0, 2.41761, 0, -1.23642, -0, -0.219546, -0, 1.41672, 0, 1.67016, 0, -0.177021, 0, -0.069282, 0, -1.23642, 0, 1.52991, 0, 0.347751, 0, -0.028985, -0, -0.177021, 0, 0.437556, 0, 0.020706, 0, -0.219546, 0, 0.347751, 0, 0.236828, 0, -0.079696, -0, -0.069282, 0, 0.020706, 0, 0.08
1.13, 2025-05-06__21-51-13.644691, 0, -0.436332, -0, -2.3562, 0, 1.8326, -0, 0, -1e-06, -0, -1e-06, 0, 1e-06, -0, 1.55014e-09, -6.59949e-05, 7.4435e-10, 1.55505e-05, 7.61171e-10, 4.20469e-06, -8.87823e-11, 2.02247, 0, 1.41672, 0, -0.028985, 0, -0.079696, 0, 2.41761, 0, -1.23642, -0, -0.219546, -0, 1.41672, 0, 1.67016, 0, -0.177021, 0, -0.069282, 0, -1.23642, 0, 1.52991, 0, 0.347751, 0, -0.028985, -0, -0.177021, 0, 0.437556, 0, 0.020706, 0, -0.219546, 0, 0.347751, 0, 0.236828, 0, -0.079696, -0, -0.069282, 0, 0.020706, 0, 0.08
1.14, 2025-05-06__21-51-13.654747, 0, -0.436332, -0, -2.3562, 0, 1.8326, -0, 0, -1e-06, -0, -1e-06, 0, 1e-06, -0, 1.55014e-09, -6.59949e-05, 7.4435e-10, 1.55505e-05, 7.61171e-10, 4.20469e-06, -8.87823e-11, 2.02247, 0, 1.41672, 0, -0.028985, 0, -0.079696, 0, 2.41761, 0, -1.23642, -0, -0.219546, -0, 1.41672, 0, 1.67016, 0, -0.177021, 0, -0.069282, 0, -1.23642, 0, 1.52991, 0, 0.347751, 0, -0.028985, -0, -0.177021, 0, 0.437556, 0, 0.020706, 0, -0.219546, 0, 0.347751, 0, 0.236828, 0, -0.079696, -0, -0.069282, 0, 0.020706, 0, 0.08
1.15, 2025-05-06__21-51-13.664692, 0, -0.436333, -0, -2.3562, 0, 1.8326, -0, 0, -2e-06, -0, -1e-06, 0, 1e-06, -0, 1.55015e-09, 0.0003721, 7.44349e-10, -0.000181821, 7.61171e-10, -8.05388e-05, -8.87823e-11, 2.02247, 0, 1.41672, 0, -0.028985, 0, -0.079696, 0, 2.41761, 0, -1.23642, -0, -0.219546, -0, 1.41672, 0, 1.67016, 0, -0.177021, 0, -0.069282, 0, -1.23642, 0, 1.52991, 0, 0.347751, 0, -0.028985, -0, -0.177021, 0, 0.437556, 0, 0.020706, 0, -0.219546, 0, 0.347751, 0, 0.236828, 0, -0.079696, -0, -0.069282, 0, 0.020706, 0, 0.08
1.16, 2025-05-06__21-51-13.675913, 0, -0.436333, -0, -2.3562, 0, 1.8326, -0, 0, -0, -0, -0, 0, -2e-06, -0, 1.55015e-09, 0.000266865, 7.4435e-10, -0.00013983, 7.61171e-10, -5.89692e-05, -8.87823e-11, 2.02247, 0, 1.41672, 0, -0.028985, 0, -0.079696, 0, 2.41761, 0, -1.23642, -0, -0.219546, -0, 1.41672, 0, 1.67016, 0, -0.177021, 0, -0.069282, 0, -1.23642, 0, 1.52991, 0, 0.347751, 0, -0.028985, -0, -0.177021, 0, 0.437556, 0, 0.020706, 0, -0.219546, 0, 0.347751, 0, 0.236828, 0, -0.079696, -0, -0.069282, 0, 0.020706, 0, 0.08
1.17, 2025-05-06__21-51-13.685684, 0, -0.436333, -0, -2.3562, 0, 1.8326, -0, 0, 1e-06, -0, -0, 0, -3e-06, -0, 1.55015e-09, 0.000121621, 7.4435e-10, -6.54083e-05, 7.61171e-10, -6.72645e-06, -8.87823e-11, 2.02247, 0, 1.41672, 0, -0.028985, 0, -0.079696, 0, 2.41761, 0, -1.23642, -0, -0.219546, -0, 1.41672, 0, 1.67016, 0, -0.177021, 0, -0.069282, 0, -1.23642, 0, 1.52991, 0, 0.347751, 0, -0.028985, -0, -0.177021, 0, 0.437556, 0, 0.020706, 0, -0.219546, 0, 0.347751, 0, 0.236828, 0, -0.079696, -0, -0.069282, 0, 0.020706, 0, 0.08
1.18, 2025-05-06__21-51-13.694933, 0, -0.436332, -0, -2.3562, 0, 1.8326, -0, 0, 1e-06, -0, -0, 0, -3e-06, -0, 1.55015e-09, -0.000180643, 7.4435e-10, 6.50633e-05, 7.61171e-10, 3.18941e-05, -8.87823e-11, 2.02247, 0, 1.41672, 0, -0.028985, 0, -0.079696, 0, 2.41761, 0, -1.23642, -0, -0.219546, -0, 1.41672, 0, 1.67016, 0, -0.177021, 0, -0.069282, 0, -1.23642, 0, 1.52991, 0, 0.347751, 0, -0.028985, -0, -0.177021, 0, 0.437556, 0, 0.020706, 0, -0.219546, 0, 0.347751, 0, 0.236828, 0, -0.079696, -0, -0.069282, 0, 0.020706, 0, 0.08
1.19, 2025-05-06__21-51-13.705933, 0, -0.436332, -0, -2.3562, 0, 1.8326, -0, 0, 0, -0, -1e-06, 0, -1e-06, -0, 1.55015e-09, -0.00032234, 7.44351e-10, 0.00021571, 7.61171e-10, 7.36596e-05, -8.87824e-11, 2.02247, 0, 1.41672, 0, -0.028985, 0, -0.079696, 0, 2.41761, 0, -1.23642, -0, -0.219546, -0, 1.41672, 0, 1.67016, 0, -0.177021, 0, -0.069282, 0, -1.23642, 0, 1.52991, 0, 0.347751, 0, -0.028985, -0, -0.177021, 0, 0.437556, 0, 0.020706, 0, -0.219546, 0, 0.347751, 0, 0.236828, 0, -0.079696, -0, -0.069282, 0, 0.020706, 0, 0.08
1.2, 2025-05-06__21-51-13.714762, 0, -0.436332, -0, -2.3562, 0, 1.8326, -0, 0, -1e-06, -0, -1e-06, 0, 1e-06, -0, 1.55015e-09, -0.00025014, 7.44351e-10, 0.000175371, 7.61171e-10, 5.56458e-05, -8.87824e-11, 2.02247, 0, 1.41672, 0, -0.028985, 0, -0.079696, 0, 2.41761, 0, -1.23642, -0, -0.219546, -0, 1.41672, 0, 1.67016, 0, -0.177021, 0, -0.069282, 0, -1.23642, 0, 1.52991, 0, 0.347751, 0, -0.028985, -0, -0.177021, 0, 0.437556, 0, 0.020706, 0, -0.219546, 0, 0.347751, 0, 0.236828, 0, -0.079696, -0, -0.069282, 0, 0.020706, 0, 0.08
1.21, 2025-05-06__21-51-13.725934, 0, -0.436333, -0, -2.3562, 0, 1.8326, -0, 0, -2e-06, -0, -0, 0, 2e-06, -0, 1.55015e-09, 0.000144661, 7.44351e-10, -1.90825e-05, 7.61171e-10, -3.20714e-06, -8.87824e-11, 2.02247, 0, 1.41672, 0, -0.028985, 0, -0.079696, 0, 2.41761, 0, -1.23642, -0, -0.219546, -0, 1.41672, 0, 1.67016, 0, -0.177021, 0, -0.069282, 0, -1.23642, 0, 1.52991, 0, 0.347751, 0, -0.028985, -0, -0.177021, 0, 0.437556, 0, 0.020706, 0, -0.219546, 0, 0.347751, 0, 0.236828, 0, -0.079696, -0, -0.069282, 0, 0.020706, 0, 0.08
1.22, 2025-05-06__21-51-13.733935, 0, -0.436333, -0, -2.3562, 0, 1.8326, -0, 0, -1e-06, -0, 0, 0, 2e-06, -0, 1.55015e-09, 9.12866e-05, 7.44351e-10, 6.21278e-06, 7.61171e-10, 2.56706e-06, -8.87824e-11, 2.02247, 0, 1.41672, 0, -0.028985, 0, -0.079696, 0, 2.41761, 0, -1.23642, -0, -0.219546, -0, 1.41672, 0, 1.67016, 0, -0.177021, 0, -0.069282, 0, -1.23642, 0, 1.52991, 0, 0.347751, 0, -0.028985, -0, -0.177021, 0, 0.437556, 0, 0.020706, 0, -0.219546, 0, 0.347751, 0, 0.236828, 0, -0.079696, -0, -0.069282, 0, 0.020706, 0, 0.08
1.23, 2025-05-06__21-51-13.744695, 0, -0.436333, -0, -2.3562, 0, 1.8326, -0, 0, -0, -0, 1e-06, 0, 2e-06, -0, 1.55015e-09, 6.76629e-05, 7.44351e-10, 3.42916e-07, 7.61171e-10, 2.96002e-09, -8.87824e-11, 2.02247, 0, 1.41672, 0, -0.028985, 0, -0.079696, 0, 2.41761, 0, -1.23642, -0, -0.219546, -0, 1.41672, 0, 1.67016, 0, -0.177021, 0, -0.069282, 0, -1.23642, 0, 1.52991, 0, 0.347751, 0, -0.028985, -0, -0.177021, 0, 0.437556, 0, 0.020706, 0, -0.219546, 0, 0.347751, 0, 0.236828, 0, -0.079696, -0, -0.069282, 0, 0.020706, 0, 0.08
1.24, 2025-05-06__21-51-13.754168, 0, -0.436333, -0, -2.3562, 0, 1.8326, -0, 0, 0, -0, 1e-06, 0, 2e-06, -0, 1.55015e-09, 6.76629e-05, 7.44351e-10, 3.42916e-07, 7.61171e-10, 2.96002e-09, -8.87824e-11, 2.02247, 0, 1.41672, 0, -0.028985, 0, -0.079696, 0, 2.41761, 0, -1.23642, -0, -0.219546, -0, 1.41672, 0, 1.67016, 0, -0.177021, 0, -0.069282, 0, -1.23642, 0, 1.52991, 0, 0.347751, 0, -0.028985, -0, -0.177021, 0, 0.437556, 0, 0.020706, 0, -0.219546, 0, 0.347751, 0, 0.236828, 0, -0.079696, -0, -0.069282, 0, 0.020706, 0, 0.08
1.25, 2025-05-06__21-51-13.766208, 0, -0.436333, -0, -2.3562, 0, 1.8326, -0, 0, 1e-06, -0, 2e-06, 0, -0, -0, 1.55015e-09, 0.000291817, 7.44349e-10, -0.000191908, 7.61171e-10, -8.21113e-05, -8.87823e-11, 2.02247, 0, 1.41672, 0, -0.028985, 0, -0.079696, 0, 2.41761, 0, -1.23642, -0, -0.219546, -0, 1.41672, 0, 1.67016, 0, -0.177021, 0, -0.069282, 0, -1.23642, 0, 1.52991, 0, 0.347751, 0, -0.028985, -0, -0.177021, 0, 0.437556, 0, 0.020706, 0, -0.219546, 0, 0.347751, 0, 0.236828, 0, -0.079696, -0, -0.069282, 0, 0.020706, 0, 0.08
1.26, 2025-05-06__21-51-13.774797, 0, -0.436333, -0, -2.3562, 0, 1.8326, -0, 0, 2e-06, -0, 2e-06, 0, -2e-06, -0, 1.55015e-09, 0.00013716, 7.4435e-10, -0.000109965, 7.61171e-10, -2.37487e-05, -8.87822e-11, 2.02247, 0, 1.41672, 0, -0.028985, 0, -0.079696, 0, 2.41761, 0, -1.23642, -0, -0.219546, -0, 1.41672, 0, 1.67016, 0, -0.177021, 0, -0.069282, 0, -1.23642, 0, 1.52991, 0, 0.347751, 0, -0.028985, -0, -0.177021, 0, 0.437556, 0, 0.020706, 0, -0.219546, 0, 0.347751, 0, 0.236828, 0, -0.079696, -0, -0.069282, 0, 0.020706, 0, 0.08
1.27, 2025-05-06__21-51-13.784695, 0, -0.436332, -0, -2.3562, 0, 1.8326, -0, 0, 2e-06, -0, 1e-06, 0, -2e-06, -0, 1.55015e-09, -0.000174517, 7.4435e-10, 2.80283e-05, 7.61171e-10, 2.09917e-05, -8.87823e-11, 2.02247, 0, 1.41672, 0, -0.028985, 0, -0.079696, 0, 2.41761, 0, -1.23642, -0, -0.219546, -0, 1.41672, 0, 1.67016, 0, -0.177021, 0, -0.069282, 0, -1.23642, 0, 1.52991, 0, 0.347751, 0, -0.028985, -0, -0.177021, 0, 0.437556, 0, 0.020706, 0, -0.219546, 0, 0.347751, 0, 0.236828, 0, -0.079696, -0, -0.069282, 0, 0.020706, 0, 0.08
1.28, 2025-05-06__21-51-13.795670, 0, -0.436332, -0, -2.3562, 0, 1.8326, -0, 0, 1e-06, -0, 1e-06, 0, -2e-06, -0, 1.55015e-09, -0.00014148, 7.4435e-10, 2.63763e-05, 7.61171e-10, 1.7436e-05, -8.87823e-11, 2.02247, 0, 1.41672, 0, -0.028985, 0, -0.079696, 0, 2.41761, 0, -1.23642, -0, -0.219546, -0, 1.41672, 0, 1.67016, 0, -0.177021, 0, -0.069282, 0, -1.23642, 0, 1.52991, 0, 0.347751, 0, -0.028985, -0, -0.177021, 0, 0.437556, 0, 0.020706, 0, -0.219546, 0, 0.347751, 0, 0.236828, 0, -0.079696, -0, -0.069282, 0, 0.020706, 0, 0.08
1.29, 2025-05-06__21-51-13.804681, 0, -0.436332, -0, -2.3562, 0, 1.8326, -0, 0, 1e-06, -0, 1e-06, 0, -2e-06, -0, 1.55015e-09, -0.00014148, 7.4435e-10, 2.63763e-05, 7.61171e-10, 1.7436e-05, -8.87823e-11, 2.02247, 0, 1.41672, 0, -0.028985, 0, -0.079696, 0, 2.41761, 0, -1.23642, -0, -0.219546, -0, 1.41672, 0, 1.67016, 0, -0.177021, 0, -0.069282, 0, -1.23642, 0, 1.52991, 0, 0.347751, 0, -0.028985, -0, -0.177021, 0, 0.437556, 0, 0.020706, 0, -0.219546, 0, 0.347751, 0, 0.236828, 0, -0.079696, -0, -0.069282, 0, 0.020706, 0, 0.08
1.3, 2025-05-06__21-51-13.814687, 0, -0.436332, -0, -2.3562, 0, 1.8326, -0, 0, 1e-06, -0, 1e-06, 0, -2e-06, -0, 1.55015e-09, -0.00014148, 7.4435e-10, 2.63763e-05, 7.61171e-10, 1.7436e-05, -8.87823e-11, 2.02247, 0, 1.41672, 0, -0.028985, 0, -0.079696, 0, 2.41761, 0, -1.23642, -0, -0.219546, -0, 1.41672, 0, 1.67016, 0, -0.177021, 0, -0.069282, 0, -1.23642, 0, 1.52991, 0, 0.347751, 0, -0.028985, -0, -0.177021, 0, 0.437556, 0, 0.020706, 0, -0.219546, 0, 0.347751, 0, 0.236828, 0, -0.079696, -0, -0.069282, 0, 0.020706, 0, 0.08
1.31, 2025-05-06__21-51-13.824732, 0, -0.436332, -0, -2.3562, 0, 1.8326, -0, 0, 1e-06, -0, 1e-06, 0, -2e-06, -0, 1.55015e-09, -0.00014148, 7.4435e-10, 2.63763e-05, 7.61171e-10, 1.7436e-05, -8.87823e-11, 2.02247, 0, 1.41672, 0, -0.028985, 0, -0.079696, 0, 2.41761, 0, -1.23642, -0, -0.219546, -0, 1.41672, 0, 1.67016, 0, -0.177021, 0, -0.069282, 0, -1.23642, 0, 1.52991, 0, 0.347751, 0, -0.028985, -0, -0.177021, 0, 0.437556, 0, 0.020706, 0, -0.219546, 0, 0.347751, 0, 0.236828, 0, -0.079696, -0, -0.069282, 0, 0.020706, 0, 0.08
1.32, 2025-05-06__21-51-13.834719, 0, -0.436332, -0, -2.3562, 0, 1.8326, -0, 0, 1e-06, -0, 1e-06, 0, -2e-06, -0, 1.55015e-09, -0.00014148, 7.4435e-10, 2.63763e-05, 7.61171e-10, 1.7436e-05, -8.87823e-11, 2.02247, 0, 1.41672, 0, -0.028985, 0, -0.079696, 0, 2.41761, 0, -1.23642, -0, -0.219546, -0, 1.41672, 0, 1.67016, 0, -0.177021, 0, -0.069282, 0, -1.23642, 0, 1.52991, 0, 0.347751, 0, -0.028985, -0, -0.177021, 0, 0.437556, 0, 0.020706, 0, -0.219546, 0, 0.347751, 0, 0.236828, 0, -0.079696, -0, -0.069282, 0, 0.020706, 0, 0.08
1.33, 2025-05-06__21-51-13.846072, 0, -0.436332, -0, -2.3562, 0, 1.8326, -0, 0, 1e-06, -0, 1e-06, 0, -2e-06, -0, 1.55015e-09, -0.00014148, 7.4435e-10, 2.63763e-05, 7.61171e-10, 1.7436e-05, -8.87823e-11, 2.02247, 0, 1.41672, 0, -0.028985, 0, -0.079696, 0, 2.41761, 0, -1.23642, -0, -0.219546, -0, 1.41672, 0, 1.67016, 0, -0.177021, 0, -0.069282, 0, -1.23642, 0, 1.52991, 0, 0.347751, 0, -0.028985, -0, -0.177021, 0, 0.437556, 0, 0.020706, 0, -0.219546, 0, 0.347751, 0, 0.236828, 0, -0.079696, -0, -0.069282, 0, 0.020706, 0, 0.08
1.34, 2025-05-06__21-51-13.853935, 0, -0.436332, -0, -2.3562, 0, 1.8326, -0, 0, 1e-06, -0, 1e-06, 0, -2e-06, -0, 1.55015e-09, -0.00014148, 7.4435e-10, 2.63763e-05, 7.61171e-10, 1.7436e-05, -8.87823e-11, 2.02247, 0, 1.41672, 0, -0.028985, 0, -0.079696, 0, 2.41761, 0, -1.23642, -0, -0.219546, -0, 1.41672, 0, 1.67016, 0, -0.177021, 0, -0.069282, 0, -1.23642, 0, 1.52991, 0, 0.347751, 0, -0.028985, -0, -0.177021, 0, 0.437556, 0, 0.020706, 0, -0.219546, 0, 0.347751, 0, 0.236828, 0, -0.079696, -0, -0.069282, 0, 0.020706, 0, 0.08
1.35, 2025-05-06__21-51-13.864738, 0, -0.436332, -0, -2.3562, 0, 1.8326, -0, 0, 1e-06, -0, 1e-06, 0, -2e-06, -0, 1.55015e-09, -0.00014148, 7.4435e-10, 2.63763e-05, 7.61171e-10, 1.7436e-05, -8.87823e-11, 2.02247, 0, 1.41672, 0, -0.028985, 0, -0.079696, 0, 2.41761, 0, -1.23642, -0, -0.219546, -0, 1.41672, 0, 1.67016, 0, -0.177021, 0, -0.069282, 0, -1.23642, 0, 1.52991, 0, 0.347751, 0, -0.028985, -0, -0.177021, 0, 0.437556, 0, 0.020706, 0, -0.219546, 0, 0.347751, 0, 0.236828, 0, -0.079696, -0, -0.069282, 0, 0.020706, 0, 0.08
1.36, 2025-05-06__21-51-13.876069, 0, -0.436332, -0, -2.3562, 0, 1.8326, -0, 0, 1e-06, -0, 1e-06, 0, -2e-06, -0, 1.55015e-09, -0.00014148, 7.4435e-10, 2.63763e-05, 7.61171e-10, 1.7436e-05, -8.87823e-11, 2.02247, 0, 1.41672, 0, -0.028985, 0, -0.079696, 0, 2.41761, 0, -1.23642, -0, -0.219546, -0, 1.41672, 0, 1.67016, 0, -0.177021, 0, -0.069282, 0, -1.23642, 0, 1.52991, 0, 0.347751, 0, -0.028985, -0, -0.177021, 0, 0.437556, 0, 0.020706, 0, -0.219546, 0, 0.347751, 0, 0.236828, 0, -0.079696, -0, -0.069282, 0, 0.020706, 0, 0.08
